<?xml version="1.0" encoding="UTF-8" standalone="yes" ?>
<economycore>
	<classes>
<!--
These are rootclasses to be used by economy.
Do not forget to add attribute act="character", if root class represents character (player, infected, animal)
Do not forget to add attribute act="car", if root class represents moveable vehicles
-->
		<rootclass name="DefaultWeapon" /> <!-- weapons -->
		<rootclass name="DefaultMagazine" /> <!-- magazines -->
		<rootclass name="Inventory_Base" /> <!-- inventory items -->
		<rootclass name="HouseNoDestruct" reportMemoryLOD="no" /> <!-- houses, wrecks -->
		<rootclass name="SurvivorBase" act="character" reportMemoryLOD="no" /> <!-- player characters -->
		<rootclass name="DZ_LightAI" act="character" reportMemoryLOD="no" /> <!-- infected, animals -->
		<rootclass name="CarScript" act="car" reportMemoryLOD="no" /> <!-- cars (sedan, hatchback, transitBus, V3S, ...) -->
	</classes>
	<defaults>
		<default name="dyn_radius" value="30" />
		<default name="dyn_smin" value="0" />
		<default name="dyn_smax" value="0" />
		<default name="dyn_dmin" value="1" />
		<default name="dyn_dmax" value="5" />
		<default name="log_ce_loop" value="false"/>
		<default name="log_ce_dynamicevent" value="false"/>
		<default name="log_ce_vehicle" value="false"/>
		<default name="log_ce_lootspawn" value="false"/>
		<default name="log_ce_lootcleanup" value="false"/>
		<default name="log_ce_lootrespawn" value="false"/>
		<default name="log_ce_statistics" value="false"/>
		<default name="log_ce_zombie" value="false"/>
		<default name="log_storageinfo" value="false"/>
		<default name="log_hivewarning" value="true"/>
		<default name="log_missionfilewarning" value="true"/>
		<default name="save_events_startup" value="true"/>
		<default name="save_types_startup" value="true"/>
	</defaults>
	<ce folder="expansion_ce">
		<file name="expansion_types.xml" type="types" />
		<file name="expansion_spawnabletypes.xml" type="spawnabletypes" />
		<file name="expansion_events.xml" type="events" />
	</ce>
	<ce folder="modtypes/BBP">
		<file name="BBP_types.xml" type="types" />
	</ce>
	<ce folder="modtypes/CannabisPlus">
		<file name="cannabisplus_types.xml" type="types" />
	</ce>
	<ce folder="modtypes/Code_Lock">
		<file name="Codelock_types.xml" type="types" />
	</ce>
	<ce folder="modtypes/Collectable_Items">
		<file name="Collectable_types.xml" type="types" />
	</ce>
	<ce folder="modtypes/Fishing_Gear">
		<file name="FcFishEquip_types.xml" type="types" />
	</ce>
	<ce folder="modtypes/Hunter_Mods">
		<file name="HunterMods_types.xml" type="types" />
	</ce>
	<ce folder="modtypes/Mining">
		<file name="miningsystem_types.xml" type="types" />
		<file name="miningsystem_events.xml" type="events" />
	</ce>
	<ce folder="modtypes/MMG_Gear">
		<file name="MMG_types.xml" type="types" />
		<file name="MMG_cfgspawnabletypes.xml" type="spawnabletypes" />
	</ce>
	<ce folder="modtypes/More_Explosives">
		<file name="Explosives_types.xml" type="types" />
	</ce>
	<ce folder="modtypes/More_MaskZ">
		<file name="MaskZ_types.xml" type="types" />
	</ce>
	<ce folder="modtypes/Mortys_Weapons">
		<file name="Morty_types.xml" type="types" />
		<file name="Morty_cfgspawnabletypes.xml" type="spawnabletypes" />
	</ce>
	<ce folder="modtypes/MSP">
		<file name="MSP_types.xml" type="types" />
	</ce>
	<ce folder="modtypes/SNAFU">
		<file name="SNAFU_types.xml" type="types" />
		<file name="SNAFU_cfgspawnabletypes.xml" type="spawnabletypes" />
	</ce>
	<ce folder="modtypes/WindStrides">
		<file name="WS_types.xml" type="types" />
	</ce>
	
</economycore>