<?xml version="1.0" encoding="UTF-8" standalone="yes" ?>
<eventposdef>
	
	<event name="StaticDrone">
		<zone smin="1" smax="3" dmin="3" dmax="5" r="45"/>
		<pos x="10160.5" z="2873.64" a="0"/>
		<pos x="10796.5" z="3385.2" a="0"/>
		<pos x="11968.4" z="4504.45" a="0"/>
		<pos x="12063.5" z="5118.47" a="0"/>
		<pos x="11310.6" z="5655.46" a="0"/>
		<pos x="11577.9" z="6865.48" a="0"/>
		<pos x="11244.7" z="6676.45" a="0"/>
		<pos x="11337.4" z="7170.78" a="0"/>
		<pos x="10381.6" z="7260.83" a="0"/>
		<pos x="11619.8" z="8200.76" a="0"/>
		<pos x="11264" z="8712.98" a="0"/>
		<pos x="11531.5" z="8731.45" a="0"/>
		<pos x="11830.7" z="9511.42" a="0"/>
		<pos x="11657.9" z="9712.96" a="0"/>
		<pos x="11726.9" z="9845.59" a="0"/>
		<pos x="10950.7" z="10152.4" a="0"/>
		<pos x="10843.9" z="10752.9" a="0"/>
		<pos x="11252.8" z="10599.2" a="0"/>
		<pos x="11675.5" z="11208.3" a="0"/>
		<pos x="12118.1" z="11562.8" a="0"/>
		<pos x="12429.5" z="10919.6" a="0"/>
		<pos x="12515.1" z="10404.1" a="0"/>
		<pos x="12941.1" z="9445.69" a="0"/>
		<pos x="13295.7" z="8828.51" a="0"/>
		<pos x="13913.9" z="9126.56" a="0"/>
		<pos x="14277" z="9091.28" a="0"/>
		<pos x="14241.8" z="10082.5" a="0"/>
		<pos x="14889.9" z="11803.3" a="0"/>
		<pos x="14367.5" z="12405.8" a="0"/>
		<pos x="14429.7" z="14189.4" a="0"/>
		<pos x="16080.3" z="7916.11" a="0"/>
		<pos x="16349.2" z="4161.2" a="0"/>
		<pos x="14665.5" z="4087.79" a="0"/>
		<pos x="13868.7" z="3967.69" a="0"/>
		<pos x="12535.1" z="3772.65" a="0"/>
		<pos x="6779.86" z="3498" a="0"/>
		<pos x="4881.33" z="2866.86" a="0"/>
		<pos x="1279.96" z="2529.16" a="0"/>
		<pos x="7613.65" z="7708.07" a="0"/>
		<pos x="7108.8" z="7531.25" a="0"/>
		<pos x="8859.28" z="6381.54" a="0"/>
		<pos x="8118.57" z="9863.64" a="0"/>
		<pos x="7609.24" z="12175.3" a="0"/>
		<pos x="6384.64" z="11174.7" a="0"/>
		<pos x="6100.21" z="14408.6" a="0"/>
		<pos x="5140.67" z="14898.5" a="0"/>
		<pos x="4686" z="14764.9" a="0"/>
		<pos x="3390.09" z="15459.6" a="0"/>
		<pos x="2375.08" z="16231" a="0"/>
		<pos x="2209.48" z="17001.4" a="0"/>
		<pos x="1795.51" z="17520.2" a="0"/>
		<pos x="1131.66" z="17810.4" a="0"/>
		<pos x="1227.25" z="18562.2" a="0"/>
		<pos x="2312.78" z="13454.1" a="0"/>
		<pos x="4933.51" z="17780.8" a="0"/>
		<pos x="6929.69" z="18528.2" a="0"/>
		<pos x="7195.13" z="19103.9" a="0"/>
		<pos x="7922.75" z="18502.4" a="0"/>
		<pos x="10031.1" z="17737.4" a="0"/>
		<pos x="11182.2" z="17003.6" a="0"/>
		<pos x="9993.02" z="17663.4" a="0"/>
		<pos x="13472.1" z="17676.3" a="0"/>
		<pos x="14667.2" z="16750.4" a="0"/>
		<pos x="14150.1" z="15253.2" a="0"/>
		<pos x="13149.9" z="13697.8" a="0"/>
		<pos x="13070" z="15794.2" a="0"/>
		<pos x="14600.3" z="17945.9" a="0"/>
		<pos x="16630.7" z="18309.3" a="0"/>
		<pos x="15441" z="17936.5" a="0"/>
		<pos x="13783.4" z="19362" a="0"/>
		<pos x="13223.6" z="19099.4" a="0"/>
		<pos x="11399" z="19109.5" a="0"/>
		<pos x="9110.02" z="18603" a="0"/>
		<pos x="8238.69" z="17685.2" a="0"/>
		<pos x="7195.27" z="17168.4" a="0"/>
		<pos x="4201.81" z="12084.3" a="0"/>
		<pos x="4583.62" z="9863.72" a="0"/>
		<pos x="3417.49" z="8534.49" a="0"/>
		<pos x="1887.94" z="7815.18" a="0"/>
		<pos x="1490.04" z="10753.1" a="0"/>
		<pos x="487.347" z="11650.2" a="0"/>
		<pos x="7909.6" z="13963.2" a="0"/>
		<pos x="8300.87" z="12858.4" a="0"/>
		<pos x="8787.68" z="13939.6" a="0"/>
		<pos x="8085.86" z="10625.2" a="0"/>
		<pos x="8433.94" z="9178.16" a="0"/>
		<pos x="9622.02" z="9610.23" a="0"/>
		<pos x="9354.55" z="9590.86" a="0"/>
		<pos x="10246.7" z="3690.67" a="0"/>
		<pos x="10530.4" z="4825.57" a="0"/>
		<pos x="8752.88" z="3368.95" a="0"/>
		<pos x="8686.11" z="1291.99" a="0"/>
		<pos x="9346.1" z="1066.59" a="0"/>
		<pos x="10639.9" z="1701.19" a="0"/>
		<pos x="12589.2" z="8270.6" a="0"/>
		<pos x="14131.4" z="7419.26" a="0"/>
		<pos x="14079.4" z="6470.3" a="-45"/>
		<pos x="12657.7" z="6921.8" a="0"/>
		<pos x="12396" z="6043.87" a="0"/>
		<pos x="15722.9" z="5489.81" a="0"/>
		<pos x="17344" z="7979.25" a="0"/>
		<pos x="16540.2" z="9032.51" a="0"/>
		<pos x="16766" z="9745.7" a="0"/>
		<pos x="17561.6" z="10028.9" a="0"/>
		<pos x="18716.6" z="9935.92" a="0"/>
		<pos x="19468.7" z="10865.1" a="0"/>
		<pos x="17202.6" z="12876.7" a="0"/>
		<pos x="16128.5" z="13779.1" a="0"/>
		<pos x="15807.9" z="15316" a="54"/>
		<pos x="15639.5" z="15755.9" a="0"/>
		<pos x="16247.7" z="15873.3" a="0"/>
		<pos x="16585.8" z="16423.7" a="0"/>
	</event>
	<event name="VehicleCivilianSedan">
		<pos x="15209.8" y="199.588" z="3878.76" a="39.8459"/>
		<pos x="3846.79" y="202.509" z="16556.9" a="0"/>
		<pos x="4327.91" y="203.289" z="17143.9" a="-142.272"/>
		<pos x="14546.1" y="201.398" z="1166.53" a="49.7208"/>
		<pos x="14276.6" y="204.155" z="1948.58" a="50.0009"/>
		<pos x="14090.4" y="202.088" z="2750.97" a="77.6521"/>
		<pos x="14845" y="199.368" z="3043.32" a="38.1342"/>
		<pos x="13743.9" y="203.875" z="4536.74" a="-27.4402"/>
		<pos x="16552.2" y="199.243" z="1427.93" a="-30.8365"/>
		<pos x="11194.1" y="201.326" z="2344.25" a="-23.8179"/>
		<pos x="4627.85" y="201.668" z="16666.3" a="49.8097"/>
		<pos x="3879.37" y="201.881" z="17141.9" a="152.106"/>
		<pos x="3483.46" y="201.078" z="17247.3" a="50.0009"/>
		<pos x="3353.97" y="200.19" z="16905.8" a="46.9679"/>
		<pos x="3905.86" y="200.488" z="17980.9" a="50.0009"/>
		<pos x="3440.48" y="200.648" z="17791.4" a="49.8876"/>
		<pos x="3576.13" y="201.075" z="17546" a="142.039"/>
		<pos x="5568.46" y="201.106" z="15714.7" a="140.631"/>
		<pos x="4560.77" y="201.147" z="16400" a="50.0009"/>
		<pos x="4284.73" y="202.09" z="16811.9" a="-34.5952"/>
		<pos x="4160" y="202.095" z="17037.8" a="40.4776"/>
		<pos x="5180.41" y="200.825" z="17093.4" a="50.0123"/>
		<pos x="3995.04" y="201.1" z="17686" a="50.0009"/>
		<pos x="4379.23" y="200.263" z="17395" a="50.0009"/>
		<pos x="2927.53" y="200.965" z="17300.7" a="-165.872"/>
		<pos x="17418" y="198.776" z="2968.58" a="50.0009"/>
		<pos x="2681.92" y="209.574" z="15809.7" a="50.0009"/>
		<pos x="8595.48" y="200.334" z="11033.4" a="176.065"/>
		<pos x="13488.5" y="199.368" z="18626.6" a="40.8718"/>
		<pos x="14355" y="203.901" z="2166.91" a="50.0009"/>
		<pos x="6528.25" y="201.834" z="15611.4" a="50.0009"/>
		<pos x="6758.55" y="206.14" z="9917.84" a="-91.8824"/>
		<pos x="2830.88" y="209.298" z="4768.44" a="50.0009"/>
		<pos x="5423.96" y="198.947" z="18183.4" a="-121.561"/>
		<pos x="888.077" y="207.844" z="11873.6" a="50.0009"/>
		<pos x="7811.63" y="201.781" z="12775.2" a="-171.265"/>
		<pos x="4314.61" y="201.736" z="15758.9" a="178.88"/>
		<pos x="11789.1" y="205.408" z="5161.1" a="50.0009"/>
		<pos x="14815.6" y="198.964" z="11590.9" a="-59.3293"/>
		<pos x="15133.3" y="206.663" z="1775.72" a="-96.7271"/>
		<pos x="11182.8" y="207.247" z="6143.16" a="50.0009"/>
		<pos x="9799.13" y="203.944" z="2403.18" a="167.554"/>
		<pos x="5424.06" y="201.743" z="16355.4" a="0.592678"/>
		<pos x="6772.4" y="200.824" z="16795.2" a="138.807"/>
		<pos x="1597.2" y="201.326" z="18079.9" a="50.0009"/>
		<pos x="11737.3" y="199.536" z="18428.4" a="16.4899"/>
		<pos x="1578.31" y="200.817" z="18960.5" a="50.0009"/>
		<pos x="5431.8" y="202.076" z="15548.2" a="-12.1404"/>
		<pos x="4299.4" y="200.58" z="18196.1" a="155.92"/>
		<pos x="14745.2" y="199.118" z="2929.24" a="48.9368"/>
	</event>
	<event name="VehicleSedan02">
		<pos x="13986.5" y="204.607" z="1984.19" a="0"/>
		<pos x="14942.4" y="205.419" z="1896.39" a="0"/>
		<pos x="14540.1" y="203.381" z="2399.27" a="143.93"/>
		<pos x="13935.5" y="202.879" z="2332.38" a="0"/>
		<pos x="15577.6" y="205.829" z="1966.33" a="67.1007"/>
		<pos x="16697.9" y="198.806" z="1501.99" a="46.2386"/>
		<pos x="15865.4" y="206.158" z="1704.34" a="1.62434"/>
		<pos x="15077.9" y="201.351" z="908.803" a="0"/>
		<pos x="13421.9" y="199.611" z="728.104" a="-108.41"/>
		<pos x="11204.1" y="200.162" z="2588.86" a="-145.746"/>
		<pos x="15136.1" y="198.34" z="3148.48" a="-9.30981"/>
		<pos x="15262.3" y="204.917" z="1895.36" a="0"/>
		<pos x="14747.9" y="206.03" z="1710.87" a="124.834"/>
		<pos x="12633.6" y="206.203" z="5510.52" a="0"/>
		<pos x="10350.1" y="204.738" z="7537.57" a="0"/>
		<pos x="8550.88" y="203.414" z="9231.5" a="0"/>
		<pos x="4731.15" y="207.109" z="5607.68" a="0"/>
		<pos x="7446.79" y="201.693" z="10225.2" a="0"/>
		<pos x="7853.14" y="202.864" z="12748.4" a="0"/>
		<pos x="6423.11" y="201.223" z="15277.4" a="0"/>
		<pos x="3998.86" y="207.392" z="15559.9" a="0"/>
		<pos x="4430.13" y="202.105" z="16624.6" a="0"/>
		<pos x="4240.42" y="202.423" z="16338.5" a="0"/>
		<pos x="3717.33" y="203.443" z="16351.6" a="124.971"/>
		<pos x="3864.81" y="201.44" z="16788.7" a="0"/>
		<pos x="3682.84" y="202.436" z="17331.7" a="40.539"/>
		<pos x="3178.35" y="201.97" z="17090.3" a="0"/>
		<pos x="3168.96" y="200.847" z="17671.9" a="0"/>
		<pos x="4012.91" y="201.098" z="17177.2" a="0"/>
		<pos x="4645.82" y="201.287" z="17065.8" a="0"/>
		<pos x="4807.55" y="201.872" z="16874.4" a="-97.6251"/>
		<pos x="3965.15" y="201.867" z="16553.8" a="-52.1706"/>
		<pos x="4954.41" y="213.597" z="15782" a="0"/>
		<pos x="13700.9" y="199.865" z="18512.1" a="77.1325"/>
		<pos x="5517.25" y="198.963" z="18304.7" a="81.6664"/>
		<pos x="14627.6" y="198.816" z="10305.3" a="0"/>
		<pos x="1455.84" y="201.343" z="19561.1" a="0"/>
		<pos x="7722.08" y="201.871" z="14693.8" a="-152.123"/>
		<pos x="3579.3" y="203.509" z="16808.7" a="0"/>
		<pos x="4003.63" y="201.368" z="16938.3" a="-55.7865"/>
		<pos x="3732.1" y="201.88" z="17630.9" a="143.912"/>
		<pos x="11677.1" y="199.31" z="18330.8" a="0"/>
		<pos x="12236.9" y="202.416" z="569.396" a="91.6552"/>
		<pos x="13812" y="204.367" z="4519.22" a="0"/>
		<pos x="3134.19" y="202.08" z="17460" a="-29.8675"/>
		<pos x="3369.74" y="202.199" z="17107.8" a="0"/>
		<pos x="6760.67" y="200.857" z="16666.5" a="0"/>
		<pos x="15016.3" y="206.243" z="1288.15" a="-42.5747"/>
		<pos x="4397.35" y="203.086" z="16893.4" a="143.675"/>
		<pos x="3360.48" y="202.914" z="17634.3" a="0"/>
		<pos x="1405.06" y="202.046" z="18562.8" a="0"/>
	</event>
	<event name="VehicleHatchback02">
		<pos x="11019.9" y="201.681" z="2465.16" a="-117"/>
		<pos x="13303.8" y="200.69" z="541.049" a="-117"/>
		<pos x="14537.7" y="204.987" z="1335.87" a="-117"/>
		<pos x="14766.5" y="200.158" z="960.594" a="-117"/>
		<pos x="15201.8" y="206.6" z="1786.58" a="38.0218"/>
		<pos x="15743.2" y="207.559" z="1401.69" a="-117"/>
		<pos x="14871.9" y="199.893" z="2998.8" a="-117"/>
		<pos x="14100.3" y="202.949" z="2461.09" a="-117"/>
		<pos x="14123.9" y="203.43" z="2078.32" a="-117"/>
		<pos x="13785.7" y="202.688" z="3411.19" a="-53.1787"/>
		<pos x="17238.9" y="199.307" z="2855.79" a="59.9902"/>
		<pos x="11726.7" y="206.071" z="5153.21" a="-117"/>
		<pos x="12612.3" y="206.846" z="5534.33" a="-117"/>
		<pos x="10989.9" y="204.213" z="6921.15" a="3.67669"/>
		<pos x="7966.31" y="209.902" z="8409.93" a="-159.902"/>
		<pos x="8402.25" y="201.38" z="9723.1" a="5.23441"/>
		<pos x="8459.19" y="199.946" z="11814.3" a="149.541"/>
		<pos x="5401.54" y="202.26" z="16275.2" a="-179.215"/>
		<pos x="3917.39" y="206.064" z="15736.7" a="-117"/>
		<pos x="4463.18" y="202.05" z="16409.5" a="76.9091"/>
		<pos x="4711.7" y="202.419" z="16832.9" a="-117"/>
		<pos x="4569.56" y="201.866" z="17209.3" a="-117"/>
		<pos x="4189.04" y="202.624" z="17055.4" a="-117"/>
		<pos x="3798.79" y="202.48" z="17275.1" a="-3.40563"/>
		<pos x="3190.66" y="204.078" z="16842.1" a="49.3889"/>
		<pos x="3701.91" y="203.269" z="16515.8" a="-117"/>
		<pos x="3668.07" y="201.811" z="17513.3" a="-117"/>
		<pos x="3799.14" y="204.073" z="17021.2" a="74.5007"/>
		<pos x="3627.96" y="200.544" z="17810.8" a="-117"/>
		<pos x="4337.35" y="201.061" z="18122.7" a="-117"/>
		<pos x="2947.27" y="201.316" z="17845.9" a="-117"/>
		<pos x="3971.78" y="201.974" z="16740.7" a="-117"/>
		<pos x="16420.6" y="217.677" z="11633.8" a="-116.985"/>
		<pos x="15325.5" y="208.211" z="11201.5" a="-59.7504"/>
		<pos x="13605.8" y="200.562" z="18550.9" a="-117"/>
		<pos x="913.073" y="207.647" z="11825.2" a="-117"/>
		<pos x="6122.53" y="202.528" z="16439" a="-62.9803"/>
		<pos x="3460.08" y="203.63" z="16594.7" a="-117"/>
		<pos x="2120.46" y="208.512" z="16606.9" a="-117"/>
		<pos x="4202.66" y="202.521" z="17481.7" a="159.844"/>
		<pos x="4610.81" y="201.169" z="18218.9" a="-117"/>
		<pos x="2684.71" y="201.558" z="17443.7" a="-156.346"/>
		<pos x="1342.19" y="200.944" z="18727.7" a="-117"/>
		<pos x="1009.93" y="201.344" z="18147.1" a="104.58"/>
		<pos x="9324.29" y="201.348" z="17213.8" a="55.4485"/>
		<pos x="7198.13" y="203.146" z="14657.4" a="-94.6042"/>
		<pos x="4089.62" y="202.6" z="16444.2" a="-117"/>
		<pos x="15175.5" y="210.08" z="1450.9" a="84.3419"/>
		<pos x="4579.89" y="208.358" z="5897.71" a="11.0509"/>
		<pos x="1547.09" y="202.488" z="17942.1" a="0"/>
	</event>
	<event name="StaticHeliCrash">
		<zone smin="0" smax="0" dmin="2" dmax="4" r="45" />
		<pos x="17313.8" z="18493" a="-1" />
		<pos x="14637.3" z="12593.1" a="-1" />
		<pos x="16757.6" z="11716.7" a="-1" />
		<pos x="14289.2" z="10125.1" a="-1" />
		<pos x="17033.4" z="7872.92" a="-1" />
		<pos x="18307.7" z="6588.04" a="-1" />
		<pos x="15682.5" z="5783.56" a="-1" />
		<pos x="17665.8" z="2887.05" a="-1" />
		<pos x="11843.8" z="4274.88" a="-1" />
		<pos x="9787.69" z="3292.55" a="-1" />
		<pos x="11516.4" z="6882.37" a="-1" />
		<pos x="11331.4" z="11378.8" a="-1" />
		<pos x="9170.27" z="13065.9" a="-1" />
		<pos x="7206.08" z="10998.2" a="-1" />
		<pos x="6909.45" z="13687.1" a="-1" />
		<pos x="4674.74" z="14776.9" a="-1" />
		<pos x="1372.8" z="13831.6" a="-1" />
		<pos x="3599.61" z="15455.5" a="-1" />
		<pos x="3770.57" z="12573.1" a="-1" />
		<pos x="4462.27" z="9642.91" a="-1" />
		<pos x="7500.88" z="7626.23" a="-1" />
		<pos x="3541.73" z="7892.39" a="-1" />
		<pos x="4376.96" z="5900.53" a="-1" />
		<pos x="1070.08" z="2702.63" a="-1" />
		<pos x="4819.75" z="2897.15" a="-1" />
		<pos x="8034.31" z="3896.99" a="-1" />
		<pos x="12581.9" z="15874" a="-1" />
		<pos x="1466.39" z="1002.2" a="-1" />
		<pos x="1803.91" z="7247.61" a="-1" />
		<pos x="9151.51" z="1249.83" a="-1" />
		<pos x="6312.7" z="1073.32" a="-1" />
		<pos x="9067.85" z="6316.75" a="-1" />
		<pos x="16568.9" z="16226" a="-1" />
		<pos x="17139.2" z="14680.7" a="-1" />
		<pos x="2912.91" z="19006.6" a="-1" />
		<pos x="5045.79" z="17869.6" a="-1" />
		<pos x="7171.43" z="17187.2" a="-1" />
		<pos x="8171.51" z="18001.4" a="-1" />
		<pos x="10081.4" z="18117.1" a="-1" />
		<pos x="11338.3" z="18426.9" a="-1" />
		<pos x="1828.54" z="17528.9" a="-1" />
		<pos x="10256.3" z="16673.6" a="-1" />
		<pos x="12015.1" z="16435.4" a="-1" />
		<pos x="14766.4" z="16706.9" a="-1" />
		<pos x="14884.2" z="18423.3" a="-1" />
    </event>
    <event name="StaticSantaCrash">  <!-- NOT UPDATED FOR PRIPYAT -->
		<zone smin="1" smax="1" dmin="1" dmax="1" r="45" />
		<pos x="558.859619" z="12918.953125" a="-1" />
		<pos x="154.159332" z="13299.455078" a="-1" />
		<pos x="3886.950928" z="13213.515625" a="-1" />
		<pos x="4607.622071" z="13640.048828" a="-1" />
		<pos x="1629.344849" z="15056.105469" a="-1" />
		<pos x="5016.493164" z="13341.447266" a="-1" />
		<pos x="1460.164551" z="11699.333008" a="-1" />
		<pos x="4392.249024" z="14725.830078" a="-1" />
		<pos x="1990.222656" z="14233.742188" a="-1" />
		<pos x="2098.057373" z="12618.232422" a="-1" />
		<pos x="2452.024903" z="15083.825195" a="-1" />
		<pos x="612.269104" z="14440.185547" a="-1" />
		<pos x="3488.112549" z="15106.688477" a="-1" />
		<pos x="2532.082519" z="13382.639648" a="-1" />
		<pos x="4049.804199" z="13904.515625" a="-1" />
		<pos x="3178.520996" z="13502.986328" a="-1" />
		<pos x="5732.232422" z="14279.795899" a="-1" />
		<pos x="1728.4823" z="10094.250977" a="-1" />
		<pos x="3275.309814" z="9366.686523" a="-1" />
		<pos x="2692.553223" z="8262.087891" a="-1" />
		<pos x="1610.003784" z="11090.4375" a="-1" />
		<pos x="3322.967285" z="10625.592773" a="-1" />
		<pos x="2991.669678" z="10143.976562" a="-1" />
		<pos x="7666.969726" z="11698.389649" a="-1" />
		<pos x="7143.305176" z="9730.668945" a="-1" />
		<pos x="1994.933838" z="9014.110351" a="-1" />
		<pos x="2043.229736" z="10662.374024" a="-1" />
		<pos x="1053.390381" z="10812.615235" a="-1" />
		<pos x="350.116211" z="9787.40918" a="-1" />
		<pos x="4478.339844" z="12218.993164" a="-1" />
		<pos x="4552.201171" z="11486.540039" a="-1" />
		<pos x="2902.542236" z="11594.443359" a="-1" />
		<pos x="5220.595703" z="11018.12793" a="-1" />
		<pos x="2340.268555" z="11938.21289" a="-1" />
		<pos x="5393.896485" z="10571.462891" a="-1" />
		<pos x="5970.649902" z="9867.347656" a="-1" />
		<pos x="2560.009033" z="9439.714844" a="-1" />
		<pos x="405.997742" z="8094.958984" a="-1" />
		<pos x="460.389587" z="10667.038086" a="-1" />
		<pos x="3721.485351" z="10297.698242" a="-1" />
		<pos x="2009.076172" z="9613.862305" a="-1" />
		<pos x="1762.899292" z="12215.012695" a="-1" />
		<pos x="4810.452637" z="12709.970703" a="-1" />
		<pos x="2333.501953" z="10265.960938" a="-1" />
		<pos x="4065.664795" z="9341.539063" a="-1" />
		<pos x="3509.76416" z="8003.174316" a="-1" />
		<pos x="5338.701172" z="11767.56543" a="-1" />
		<pos x="1299.361694" z="9946.346679" a="-1" />
		<pos x="3952.230469" z="11094.624023" a="-1" />
		<pos x="4905.97461" z="6278.68457" a="-1" />
		<pos x="370.531036" z="5023.79834" a="-1" />
		<pos x="917.921875" z="4781.028809" a="-1" />
		<pos x="6289.675293" z="6213.68164" a="-1" />
		<pos x="6204.925293" z="8301.290039" a="-1" />
		<pos x="907.425049" z="4236.119141" a="-1" />
		<pos x="1409.999878" z="4299.21582" a="-1" />
		<pos x="6297.924804" z="9011.773438" a="-1" />
		<pos x="3844.900146" z="4910.077148" a="-1" />
		<pos x="5135.983886" z="7630.080078" a="-1" />
		<pos x="1207.821045" z="5279.723144" a="-1" />
		<pos x="1226.761841" z="6535.904297" a="-1" />
		<pos x="4130.532715" z="7949.016113" a="-1" />
		<pos x="874.107422" z="5498.936524" a="-1" />
		<pos x="3059.183367" z="7348.792174" a="-1" />
		<pos x="1832.063476" z="5032.705078" a="-1" />
		<pos x="410.191589" z="3820.056885" a="-1" />
		<pos x="147.875" z="5967.167" a="153.538376" />
		<pos x="2345.890869" z="7780.26123" a="-1" />
		<pos x="4018.187256" z="7302.03125" a="-1" />
		<pos x="999.780578" z="3598.624023" a="-1" />
		<pos x="2364.616943" z="6718.591309" a="-1" />
		<pos x="8006.187011" z="8178.071289" a="-1" />
		<pos x="3540.563965" z="6409.336914" a="-1" />
		<pos x="1503.997071" z="4832.345703" a="-1" />
		<pos x="1106.205078" z="7437.662598" a="-1" />
		<pos x="4989.249024" z="8937.190429" a="-1" />
		<pos x="4308.358886" z="8577.78125" a="-1" />
		<pos x="2509.957276" z="5827.195801" a="-1" />
		<pos x="162.172" z="7000.999" a="193.312347" />
		<pos x="1737.581177" z="7819.769043" a="-1" />
		<pos x="4126.941406" z="6903.794433" a="-1" />
		<pos x="5416.428222" z="5648.294922" a="-1" />
		<pos x="2740.843994" z="3306.333008" a="-1" />
		<pos x="1650.721802" z="2355.52124" a="-1" />
		<pos x="2759.578125" z="2405.060547" a="-1" />
		<pos x="1703.105957" z="3153.738526" a="-1" />
		<pos x="1310.788574" z="3723.900391" a="-1" />
		<pos x="4284.979004" z="5568.522949" a="-1" />
		<pos x="328.247772" z="2437.281006" a="-1" />
		<pos x="3121.659668" z="4410.962403" a="-1" />
		<pos x="2331.122803" z="4049.143311" a="-1" />
		<pos x="1160.676758" z="2613.634033" a="-1" />
		<pos x="3427.892578" z="3295.283448" a="-1" />
		<pos x="4848.869629" z="4719.773438" a="-1" />
		<pos x="655.947754" z="1965.813354" a="-1" />
    </event>
	<event name="StaticChristmasTree"> <!-- NOT UPDATED FOR PRIPYAT -->
		<pos x="6560.29" z="2462.12" a="0.0" />
		<pos x="1652.66" z="14230.71" a="0.0" />
		<pos x="3801.06" z="8847.76" a="0.0" />
		<pos x="9442.32" z="8829.03" a="0.0" />
		<pos x="7903.16" z="12576.52" a="0.0" />
		<pos x="11617.75" z="14663.98" a="0.0" />
		<pos x="12830.08" z="10115.18" a="0.0" />
		<pos x="11221.94" z="12225.89" a="0.0" />
		<pos x="3471.93" z="12988.33" a="0.0" />
		<pos x="13933.42" z="13228.44" a="0.0" />
		<pos x="12022.64" z="9082.89" a="0.0" />
		<pos x="10468.54" z="2373.16" a="0.0" />
		<pos x="2725.48" z="5288.75" a="0.0" />
	</event>
    <event name="StaticBonfire"> <!-- NOT UPDATED FOR PRIPYAT -->
		<zone smin="3" smax="5" dmin="3" dmax="5" r="55" />
		<pos x="8098.73" z="13023.365234" />
		<pos x="3544.050781" z="13316.836914" />
		<pos x="5198.47" z="8283.579102" />
		<pos x="5368.12" z="5514.980469" />
		<pos x="4300.169922" z="8880.824219" />
		<pos x="2640.818359" z="2428.48877" />
		<pos x="6380.73" z="10285.702148" />
		<pos x="2462.15" z="10404.454102" />
		<pos x="11939.46875" z="13976.334961" />
		<pos x="12777.670898" z="14114.373047" />
		<pos x="1527.56" z="11933.541016" />
		<pos x="9589.13" z="13894.06543" />
		<pos x="6322.37" z="8143.880859" />
		<pos x="915.21875" z="4513.677246" />
		<pos x="2399.349365" z="7721.992188" />
		<pos x="2257.371094" z="6329.823242" />
		<pos x="2776.65625" z="5098.637207" />
		<pos x="9109.445313" z="11616.038086" />
		<pos x="3197.33" z="7446.021484" />
		<pos x="3227.6875" z="4530.32666" />
		<pos x="10120.5625" z="10360.189453" />
		<pos x="12519.166992" z="9363.032227" />
		<pos x="8089.79" z="8794.119141" />
		<pos x="13237.445313" z="6675.368164" />
		<pos x="11925.793945" z="7252.30957" />
		<pos x="13695.864258" z="13402.77832" />
		<pos x="10044.792969" z="6761.147949" />
		<pos x="11426.875" z="5559.256836" />
		<pos x="5365.28" z="12746.762695" />
		<pos x="12969.140625" z="5545.638184" />
		<pos x="10921.165039" z="7750.292969" />
		<pos x="4551.41" z="4376.815918" />
		<pos x="7841.69" z="5130.316895" />
		<pos x="1162.39" z="10051.422852" />
		<pos x="4448.49" z="2556.612793" />
		<pos x="7639.34" z="3364.871826" />
		<pos x="12704.953125" z="4502.658691" />
		<pos x="956.85" z="5630.501953" />
		<pos x="6069.91" z="2010.810791" />
		<pos x="2106.65" z="15038.896484" />
		<pos x="4823.33" z="15120.301758" />
		<pos x="6972.40" z="7826.567383" />
		<pos x="6658.914063" z="14414.142578" />
		<pos x="6894.20" z="11423.288086" />
		<pos x="10115.518555" z="8512.210938" />
		<pos x="10416.680664" z="12511.383789" />
		<pos x="4573.76123" z="7261.095215" />
		<pos x="12257.058594" z="10796.082031" />
		<pos x="9951.79" z="6034.925781" />
		<pos x="9082.34" z="3591.036133" />
		<pos x="8441.041016" z="6495.19043" />
		<pos x="10275.750977" z="5027.681641" />
		<pos x="11994.90332" z="3533.764404" />
		<pos x="12757.879883" z="8318.629883" />
		<pos x="10684.129883" z="2380.826904" />
		<pos x="9770.167969" z="1994.664307" />
		<pos x="6937.67" z="5754.967773" />
		<pos x="8425.390625" z="11490.678711" />
		<pos x="11670.551758" z="12411.197266" />
		<pos x="12748.557617" z="14784.179688" />
		<pos x="14612.603516" z="14031.148438" />
		<pos x="13977.732422" z="14897.462891" />
		<pos x="1363.39" z="9308.64" />
	</event>
<!-- configured for pripyat -->
	 <event name="StaticContaminatedArea">
		<zone smin="0" smax="0" dmin="5" dmax="8" r="75" />
		<!-- Duga -->
		<pos x="4252.50" z="5687.50" /> 
		<pos x="4802.50" z="6050.00" />
		<!-- Reactor -->
		<pos x="8460.00" z="13550.00" />
		<pos x="6250.00" z="15430.00" />
		<pos x="5685.00" z="16480.00" />
		<!-- Duga Airfield -->
		<pos x="15672.50" z="11382.50" />
		<pos x="16865.00" z="11640.00" />
		<!-- Mt Base -->
		<pos x="19132.69" z="18350.32" />
    </event>
    <event name="Loot" />
    <event name="VehicleOffroadHatchback">
		<pos x="14142.1" y="202.896" z="1257.6" a="150.779"/>
		<pos x="14718.9" y="205.281" z="1579.37" a="179.678"/>
		<pos x="13933.5" y="203.796" z="2206.43" a="65.9218"/>
		<pos x="14445.3" y="203.525" z="2405.39" a="179.689"/>
		<pos x="13500" y="203.582" z="3401.48" a="161.747"/>
		<pos x="13763.3" y="204.246" z="4531.8" a="158.691"/>
		<pos x="12844.7" y="204.773" z="5348.57" a="-129.718"/>
		<pos x="8166.89" y="208.734" z="8411.37" a="179.689"/>
		<pos x="7522.11" y="201.657" z="10151.3" a="96.3881"/>
		<pos x="6458.25" y="204.573" z="9896.4" a="179.689"/>
		<pos x="4470.06" y="202.498" z="16514" a="148.98"/>
		<pos x="4728.9" y="202.272" z="16611.7" a="179.689"/>
		<pos x="4560.64" y="202.268" z="16760.4" a="-124.916"/>
		<pos x="4354.74" y="202.623" z="16756.7" a="13.225"/>
		<pos x="4325.55" y="201.297" z="17150.7" a="143.219"/>
		<pos x="3333.72" y="202.327" z="17014.8" a="-138.722"/>
		<pos x="2843.16" y="203.799" z="17166.9" a="-29.7392"/>
		<pos x="3737.92" y="201.247" z="17956.5" a="9.31447"/>
		<pos x="3760.95" y="201.563" z="17463.7" a="179.689"/>
		<pos x="4636.53" y="200.849" z="18197.2" a="-61.8848"/>
		<pos x="4652.4" y="199.179" z="17293.6" a="157.887"/>
		<pos x="13463.3" y="200.143" z="18856.5" a="157.278"/>
		<pos x="14509" y="198.551" z="10511.6" a="179.689"/>
		<pos x="18028.9" y="197.554" z="3878.59" a="114.539"/>
		<pos x="9727.93" y="204.307" z="2403.5" a="179.689"/>
		<pos x="9762.1" y="207.001" z="8557.59" a="-91.4244"/>
		<pos x="1459.08" y="200.442" z="19056.8" a="-176.695"/>
		<pos x="6336.33" y="201.214" z="13821.7" a="-156.572"/>
		<pos x="11410.2" y="200.264" z="11187.2" a="-41.9817"/>
		<pos x="13276.6" y="203.957" z="3937.14" a="152.259"/>
		<pos x="9279.2" y="199.024" z="16557" a="91.562"/>
		<pos x="4346.61" y="201.392" z="16661.1" a="39.2904"/>
		<pos x="8659.12" y="203.303" z="14211.3" a="-37.4839"/>
		<pos x="4640.61" y="203.068" z="16404.2" a="30.5261"/>
		<pos x="3692.31" y="203.323" z="17253.1" a="-65.7794"/>
		<pos x="3873.55" y="202.533" z="17751.4" a="-91.451"/>
	</event>
	<event name="VehicleOffroad02">
		<pos x="13456.4" y="205.951" z="3316.16" a="59.7952"/>
		<pos x="7114.08" y="208.766" z="2932.99" a="24.057"/>
		<pos x="87.0465" y="208.981" z="1385.6" a="6.04928"/>
		<pos x="18020.2" y="200.199" z="3851.65" a="-140.218"/>
		<pos x="4787.6" y="209.211" z="5975.45" a="42.0124"/>
		<pos x="16894.9" y="220.707" z="11941.9" a="43.8509"/>
		<pos x="17291.4" y="456.331" z="13688.1" a="-146.254"/>
		<pos x="8548.52" y="202.936" z="11825.7" a="-119.93"/>
		<pos x="15200.5" y="210.341" z="11385.1" a="-139.745"/>
		<pos x="7419.52" y="203.105" z="12289.8" a="130.406"/>
		<pos x="6795.7" y="204.401" z="15353.1" a="-144.749"/>
		<pos x="2387.73" y="212.271" z="16437" a="133.057"/>
		<pos x="19104.2" y="570.05" z="18392.6" a="177.859"/>
		<pos x="2111.26" y="203.871" z="13369.7" a="85.3119"/>
		<pos x="16927.1" y="220.707" z="11474.5" a="-21.0639"/>
		<pos x="14794.4" y="201.822" z="11745.7" a="-20.9744"/>
		<pos x="2268.88" y="203.871" z="13414.1" a="91.7424"/>
		<pos x="11135.3" y="203.88" z="2474.73" a="92.7823"/>
		<pos x="7287.66" y="205.723" z="1008.47" a="-123.449"/>
		<pos x="7002.5" y="203.323" z="15488.9" a="0"/>
    </event> 
	<event name="StaticPoliceCar"> <!-- NOT UPDATED FOR PRIPYAT -->
		<pos x="4852.51" z="2635.12" a="-23.4"/>
		<pos x="4866.61" z="2182.46" a="-8.99988"/>
		<pos x="5727.67" z="2183.16" a="-144"/>
		<pos x="6127.31" z="2201.08" a="-108"/>
		<pos x="6907.6" z="2254.02" a="-71.9999"/>
		<pos x="7276.16" z="2248.58" a="126"/>
		<pos x="9609.03" z="2373.3" a="-180"/>
		<pos x="9890.66" z="2407.71" a="0"/>
		<pos x="11184.5" z="2361.74" a="-89.9999"/>
		<pos x="11237.5" z="2466.93" a="162"/>
		<pos x="11242.7" z="4797.37" a="117"/>
		<pos x="11072.2" z="5644.04" a="-36"/>
		<pos x="12207.3" z="5882.03" a="135"/>
		<pos x="12627.8" z="4880.92" a="117"/>
		<pos x="12730.2" z="4735.01" a="-26.9999"/>
		<pos x="13390.6" z="3718.96" a="-81"/>
		<pos x="13433.3" z="3705.59" a="108"/>
		<pos x="14080" z="1995" a="54"/>
		<pos x="14646.6" z="1888.43" a="72.0003"/>
		<pos x="15143.4" z="1769.44" a="-144.001"/>
		<pos x="16345" z="2156.4" a="99"/>
		<pos x="16288.8" z="1880.93" a="108"/>
		<pos x="16269.4" z="1876.19" a="-135"/>
		<pos x="14866.8" z="1540.5" a="144"/>
		<pos x="14711.7" z="1452.35" a="8.99998"/>
		<pos x="14532.5" z="1388.92" a="-3.05172e-05"/>
		<pos x="14626.5" z="1121.5" a="-153"/>
		<pos x="14858.6" z="1344.87" a="0"/>
		<pos x="14925.7" z="1216.18" a="-162"/>
		<pos x="15134.4" z="1118.17" a="180"/>
		<pos x="14547.6" z="2014.77" a="0"/>
		<pos x="3868.19" z="2155.7" a="-90.0001"/>
		<pos x="3196.76" z="2138.89" a="-44.9999"/>
		<pos x="1878.86" z="2079.73" a="-9.00008"/>
		<pos x="1277.22" z="2055.33" a="90"/>
		<pos x="378.507" z="2191.12" a="0"/>
		<pos x="597.565" z="3013.25" a="-36"/>
		<pos x="926.892" z="3697.33" a="-108"/>
		<pos x="1831.29" z="3237.4" a="-45"/>
		<pos x="11151.5" z="3777.22" a="0"/>
		<pos x="11602.9" z="5319.29" a="-126"/>
		<pos x="11422.3" z="5873.88" a="-90"/>
		<pos x="18117.8" z="6726.86" a="-81"/>
		<pos x="16301.2" z="7420.16" a="-45"/>
		<pos x="15921.5" z="7910.9" a="0"/>
		<pos x="15501.3" z="8822.06" a="0"/>
		<pos x="15002" z="9238.36" a="0"/>
		<pos x="14643.7" z="10248.4" a="81"/>
		<pos x="14623" z="10613.8" a="-54.0002"/>
		<pos x="14821.5" z="11573.9" a="-171"/>
		<pos x="14834" z="12216.9" a="-72"/>
		<pos x="14533.3" z="12795.9" a="9.82284e-05"/>
		<pos x="14188.9" z="13896.5" a="0"/>
		<pos x="14146" z="14021.3" a="-35.9999"/>
		<pos x="14304.8" z="14281.1" a="0"/>
		<pos x="14466.1" z="14584.1" a="45"/>
		<pos x="15119.6" z="14543.1" a="99"/>
		<pos x="15513" z="14533.6" a="81"/>
		<pos x="15927.7" z="14644.9" a="108"/>
		<pos x="16363.1" z="14811.4" a="62.9999"/>
		<pos x="16841.2" z="14758.4" a="45"/>
		<pos x="14395.7" z="14840.1" a="-63"/>
		<pos x="14154" z="16711.1" a="27.0002"/>
		<pos x="13786" z="17271.2" a="-72"/>
		<pos x="13777.6" z="18106.8" a="-108"/>
		<pos x="13780.7" z="18162.1" a="80.9999"/>
		<pos x="13732.7" z="18319" a="9"/>
		<pos x="13632.5" z="18490.6" a="0"/>
		<pos x="13471" z="18626.3" a="-35.9999"/>
		<pos x="13606.4" z="18626.6" a="0"/>
		<pos x="13369" z="18487.3" a="-135"/>
		<pos x="12930.7" z="18318.4" a="153"/>
		<pos x="12772.9" z="18239.4" a="-45"/>
		<pos x="12392.6" z="18252.5" a="45"/>
		<pos x="12378" z="18253.7" a="-36"/>
		<pos x="11989.4" z="18306.6" a="-36"/>
		<pos x="11752.4" z="18391.1" a="-35.9998"/>
		<pos x="11633.1" z="18436.8" a="0"/>
		<pos x="12058.6" z="19242.3" a="-71.9999"/>
		<pos x="9275.28" z="17247.5" a="0"/>
		<pos x="9064.76" z="17898.3" a="-99"/>
		<pos x="9070.07" z="17918.9" a="0"/>
		<pos x="9157.44" z="18347.7" a="17.9999"/>
		<pos x="8194.58" z="18593.6" a="-45"/>
		<pos x="5852.92" z="19108.6" a="-36"/>
		<pos x="5330.35" z="19205.2" a="72.0001"/>
		<pos x="5311.9" z="19210.3" a="-53.9998"/>
		<pos x="4410.12" z="19412.1" a="-126"/>
		<pos x="5141.2" z="19075" a="-72.0001"/>
		<pos x="5136.66" z="19052" a="-162"/>
		<pos x="4723.43" z="18889.3" a="108"/>
		<pos x="4397.86" z="18299.3" a="-108"/>
		<pos x="4291.39" z="18212.2" a="99"/>
		<pos x="4105.72" z="18100.8" a="180"/>
		<pos x="3902.7" z="17989.8" a="62.9997"/>
		<pos x="3809.05" z="17912.9" a="153"/>
		<pos x="3649.7" z="17819.2" a="153"/>
		<pos x="4193.18" z="17705.4" a="-153"/>
		<pos x="3747.5" z="17372.4" a="27.0001"/>
		<pos x="3721.39" z="17326.3" a="0"/>
		<pos x="3763.34" z="17340.4" a="-27"/>
		<pos x="3609.81" z="17264.2" a="-180"/>
		<pos x="3083.62" z="16962.2" a="18.0002"/>
		<pos x="3208.68" z="16867.2" a="-35.9997"/>
		<pos x="3313.36" z="16764" a="162"/>
		<pos x="3519.4" z="16638.9" a="-98.9999"/>
		<pos x="3578.72" z="16622.8" a="-1.04904e-05"/>
		<pos x="3742.39" z="16513.6" a="18"/>
		<pos x="3793.05" z="16450.5" a="171"/>
		<pos x="4005.52" z="16509.3" a="0"/>
		<pos x="4012.26" z="16504.4" a="54.0002"/>
		<pos x="3979.64" z="16324" a="-108"/>
		<pos x="4119.21" z="16404.3" a="-99"/>
		<pos x="4246.15" z="16149" a="-71.9999"/>
		<pos x="4296.75" z="16133.5" a="-126"/>
		<pos x="4333.02" z="16154.6" a="45"/>
		<pos x="4599.13" z="16364.7" a="62.9999"/>
		<pos x="4548.57" z="16419.9" a="-126"/>
		<pos x="4408.07" z="16673.4" a="-27"/>
		<pos x="4340.38" z="16715.5" a="-35.9999"/>
		<pos x="4281.61" z="16875.1" a="-27"/>
		<pos x="4202.95" z="16935.1" a="-35.9999"/>
		<pos x="4070.49" z="16985.6" a="54.0001"/>
		<pos x="4328.69" z="17152.8" a="0"/>
		<pos x="4532.06" z="17249.4" a="81"/>
		<pos x="4665.61" z="17224" a="-144"/>
		<pos x="4940.8" z="17191.3" a="144"/>
		<pos x="5223.27" z="17157.5" a="-54"/>
		<pos x="5206.25" z="17045.4" a="81"/>
		<pos x="5014.69" z="16871.6" a="45"/>
		<pos x="4292.24" z="17479.2" a="-62.9999"/>
		<pos x="4119.56" z="17471.8" a="-35.9997"/>
		<pos x="3835.3" z="17054.9" a="-27"/>
		<pos x="3875.94" z="17163.6" a="-27"/>
		<pos x="3923.32" z="16828.4" a="144"/>
		<pos x="3728.19" z="16703.1" a="99"/>
		<pos x="3254.84" z="17043" a="90"/>
		<pos x="3075.82" z="17170" a="-54"/>
		<pos x="2917.98" z="17254.8" a="-144"/>
		<pos x="2914.89" z="17284.4" a="-27"/>
		<pos x="2343.84" z="17808.3" a="-35.9998"/>
		<pos x="1899.05" z="18119.1" a="-162"/>
		<pos x="1691.99" z="18807.1" a="-17.9999"/>
		<pos x="1571.73" z="18818.6" a="135"/>
		<pos x="1431.83" z="18843.7" a="-126"/>
		<pos x="1177.36" z="18895" a="144"/>
		<pos x="1662.92" z="17731.8" a="-126"/>
		<pos x="1470.15" z="16888.1" a="99"/>
		<pos x="1923.42" z="16442.3" a="-72"/>
		<pos x="1963.46" z="16425.9" a="-9.00007"/>
		<pos x="2320.79" z="15992.7" a="-108"/>
		<pos x="2251.11" z="16085.1" a="-171"/>
		<pos x="3284.21" z="16196" a="-117"/>
		<pos x="3625.46" z="16150.6" a="36"/>
		<pos x="3620.19" z="15825.5" a="171"/>
		<pos x="4308.18" z="15863.4" a="-45"/>
		<pos x="4719.46" z="16165.5" a="126"/>
		<pos x="4946.19" z="16182.6" a="135"/>
		<pos x="5341.55" z="16226" a="0"/>
		<pos x="5389" z="16260.4" a="-63"/>
		<pos x="5617.88" z="16244.5" a="27"/>
		<pos x="5173.4" z="15454.5" a="18"/>
		<pos x="4420.38" z="15423.3" a="-54"/>
		<pos x="3993.43" z="15391" a="-35.9996"/>
		<pos x="4290.66" z="15613.2" a="0"/>
		<pos x="5411.15" z="15069.2" a="-27"/>
		<pos x="5433.46" z="15003.3" a="-17.9998"/>
		<pos x="5439.01" z="15594.6" a="-17.9999"/>
		<pos x="5456.27" z="15600.8" a="0"/>
		<pos x="5657.52" z="15682" a="0"/>
		<pos x="6112.85" z="15646.6" a="-171"/>
		<pos x="6032.68" z="15140.4" a="-98.9999"/>
		<pos x="6737.03" z="15587" a="135"/>
		<pos x="6714.14" z="15587.7" a="-153"/>
		<pos x="6922.49" z="15586.7" a="-0.000916733"/>
		<pos x="6964.93" z="15563.2" a="162"/>
		<pos x="6947.61" z="15558.5" a="-108"/>
		<pos x="7135.09" z="15549.8" a="99"/>
		<pos x="7135.58" z="15565.9" a="153"/>
		<pos x="7126.87" z="15608.1" a="-81"/>
		<pos x="6121.25" z="16278" a="54.0001"/>
		<pos x="6164.4" z="16363.3" a="117"/>
		<pos x="6056.7" z="16209.1" a="-9.00003"/>
		<pos x="6657.25" z="16098.6" a="108"/>
		<pos x="6475.48" z="16157.2" a="-153"/>
		<pos x="7340.84" z="15540.1" a="-108"/>
		<pos x="7640.02" z="15536.5" a="-117"/>
		<pos x="5409.02" z="14516" a="153"/>
		<pos x="5710.35" z="14266.8" a="126"/>
		<pos x="6172.59" z="13921.7" a="99"/>
		<pos x="6336.31" z="13801.6" a="90"/>
		<pos x="7188.95" z="13157.7" a="99"/>
		<pos x="7708.64" z="12771.1" a="72"/>
		<pos x="7811.44" z="12906.4" a="144"/>
		<pos x="7750.17" z="12737.4" a="63"/>
		<pos x="8457.03" z="11838.1" a="135"/>
		<pos x="9053.69" z="12505.9" a="45"/>
		<pos x="9254.59" z="13074.4" a="108"/>
		<pos x="9317" z="13178.1" a="-72.0001"/>
		<pos x="9656.46" z="13244.5" a="90"/>
		<pos x="9776.7" z="13342.6" a="117"/>
		<pos x="11249.8" z="11480.2" a="144"/>
		<pos x="9201.09" z="13235.5" a="0"/>
		<pos x="9160.51" z="13124.9" a="144.001"/>
		<pos x="8723.16" z="13655.5" a="27"/>
		<pos x="8964.46" z="13645.9" a="63"/>
		<pos x="8473.59" z="13455.3" a="-108"/>
		<pos x="8372.41" z="13251.2" a="35.9997"/>
		<pos x="8203.42" z="13579.2" a="-108"/>
		<pos x="7712.9" z="14235.2" a="180"/>
		<pos x="7711.83" z="14650.3" a="-35.9999"/>
		<pos x="6349.63" z="14687.6" a="126"/>
		<pos x="6381.35" z="14915.8" a="0"/>
		<pos x="6621.52" z="14902.7" a="0"/>
		<pos x="6720.42" z="14883.5" a="0"/>
		<pos x="8059.22" z="14992.5" a="180"/>
		<pos x="8060.54" z="14780.8" a="-80.9999"/>
		<pos x="8304.45" z="14530.8" a="0"/>
		<pos x="6352.71" z="14749.4" a="36"/>
		<pos x="8714.54" z="13311.1" a="-99"/>
		<pos x="8202.85" z="11820.5" a="-72"/>
		<pos x="7320.15" z="12020.8" a="0"/>
		<pos x="6948.35" z="12160.5" a="0"/>
		<pos x="6475.19" z="12442.4" a="0"/>
		<pos x="5934" z="12653.6" a="-63"/>
		<pos x="5033.76" z="13040.6" a="0"/>
		<pos x="8757.68" z="16855.2" a="0"/>
		<pos x="19155.9" z="18953.8" a="72"/>
		<pos x="17474.6" z="18545.5" a="135"/>
		<pos x="16690.9" z="18507.1" a="0"/>
		<pos x="16331.1" z="18493.7" a="144"/>
		<pos x="15629.6" z="18406.6" a="0"/>
		<pos x="14953.5" z="18409.6" a="126"/>
		<pos x="9354.7" z="12724.7" a="-135"/>
		<pos x="9417.23" z="12206.1" a="-117"/>
		<pos x="9875.4" z="11625.1" a="63.0001"/>
		<pos x="10449.4" z="10827.3" a="99"/>
		<pos x="10578.5" z="10495.1" a="-162"/>
		<pos x="10665.3" z="10197" a="-153"/>
		<pos x="10823.5" z="9577.85" a="0"/>
		<pos x="10921.9" z="9124.32" a="-45"/>
		<pos x="11056.7" z="8783.92" a="4.673e-05"/>
		<pos x="11204.5" z="8509.03" a="-54"/>
		<pos x="11468.7" z="8182.88" a="0"/>
		<pos x="12191.7" z="7225.65" a="-71.9998"/>
		<pos x="12736.5" z="6523.29" a="-72"/>
		<pos x="13181.9" z="6143.62" a="-90"/>
		<pos x="13507.1" z="6085.55" a="-171"/>
		<pos x="14279" z="6580.2" a="54"/>
		<pos x="14355.3" z="6883.89" a="153"/>
		<pos x="14252.1" z="7557.61" a="135"/>
		<pos x="13628.9" z="8579.54" a="54.0001"/>
		<pos x="13618" z="8566.42" a="-126"/>
		<pos x="13745" z="8644.14" a="81"/>
		<pos x="13107.7" z="9419.58" a="-27"/>
		<pos x="12801.6" z="10040.8" a="153"/>
		<pos x="12520" z="10936.4" a="-171"/>
		<pos x="12329.1" z="11870.1" a="171"/>
		<pos x="12085.2" z="13071.4" a="108"/>
		<pos x="11886.2" z="14081.3" a="144"/>
		<pos x="11466.9" z="14858.7" a="144"/>
		<pos x="10938.9" z="15232.7" a="126"/>
		<pos x="10083.2" z="15746.5" a="71.9997"/>
		<pos x="9797.96" z="15912.6" a="108"/>
		<pos x="8941.29" z="16381.5" a="72.0001"/>
		<pos x="7901.18" z="16078.2" a="0"/>
		<pos x="15237.8" z="3886.34" a="53.9999"/>
		<pos x="14097.2" z="3828.55" a="-36"/>
		<pos x="15156.5" z="3884.25" a="27"/>
		<pos x="15216.9" z="3440.09" a="-180"/>
		<pos x="15092.7" z="3167.72" a="-17.9999"/>
		<pos x="14840.6" z="2909.04" a="0"/>
		<pos x="14756.1" z="2883.29" a="-126"/>
		<pos x="14357.6" z="2720.7" a="126"/>
		<pos x="14129.5" z="2644.9" a="0"/>
		<pos x="13689.1" z="3327.32" a="126"/>
		<pos x="14281.2" z="1945.85" a="-162"/>
		<pos x="14261.6" z="1949.09" a="-135"/>
		<pos x="14326.5" z="1731.71" a="72"/>
		<pos x="13950.1" z="1993.61" a="0"/>
		<pos x="14755.5" z="923.424" a="-135"/>
		<pos x="15356" z="975.465" a="-72"/>
		<pos x="15542.5" z="2010.06" a="0"/>
		<pos x="14829.7" z="1831.46" a="18"/>
		<pos x="14069.6" z="2278.27" a="90"/>
		<pos x="6910.82" z="2324.99" a="-98.9999"/>
		<pos x="4948.89" z="2286.31" a="35.9998"/>
		<pos x="7536.52" z="1550.71" a="-45"/>
		<pos x="7524.68" z="1478" a="-153"/>
		<pos x="7506.03" z="1486.91" a="-144"/>
		<pos x="7470.01" z="1244.42" a="-108"/>
		<pos x="7458.89" z="1069.57" a="0"/>
		<pos x="7416.78" z="1131.54" a="171"/>
		<pos x="7420.47" z="1173.81" a="90"/>
		<pos x="7396.88" z="1040.85" a="54.0001"/>
		<pos x="7352.55" z="855.726" a="171"/>
		<pos x="7446.05" z="587.832" a="-135"/>
		<pos x="6581.4" z="4703.94" a="-45"/>
		<pos x="9066.97" z="5013.03" a="1.81198e-05"/>
		<pos x="8811.37" z="5514.28" a="-54.0001"/>
		<pos x="10676.5" z="5814.32" a="117"/>
		<pos x="13746.9" z="4551.97" a="-26.9999"/>
		<pos x="13806.3" z="4522.13" a="0"/>
		<pos x="13882" z="4446.65" a="72"/>
		<pos x="18394.8" z="4083.12" a="90"/>
		<pos x="19070.3" z="3936.62" a="-54.0004"/>
		<pos x="17849.2" z="3220.38" a="54.0001"/>
		<pos x="17421.8" z="2977.54" a="-35.9999"/>
		<pos x="17241.1" z="2851.85" a="171"/>
		<pos x="16663" z="2543.5" a="-72"/>
		<pos x="16611.9" z="1471.84" a="-180"/>
		<pos x="15280.1" z="1809.84" a="8.99985"/>
		<pos x="15563.7" z="1939.08" a="0"/>
		<pos x="15789.9" z="1621.12" a="90"/>
		<pos x="15192.7" z="1551.14" a="0"/>
		<pos x="15186.4" z="1525.73" a="180"/>
		<pos x="15507.1" z="1219.88" a="35.9999"/>
		<pos x="15683.5" z="1472.07" a="171"/>
		<pos x="15635.4" z="1261.4" a="126"/>
		<pos x="15138.6" z="952.984" a="0"/>
		<pos x="14818.3" z="603.908" a="0"/>
		<pos x="14710.8" z="649.277" a="-27.0001"/>
		<pos x="14920.6" z="2248.96" a="-63"/>
		<pos x="14926.3" z="2298.02" a="-126"/>
		<pos x="14965.8" z="2511.4" a="18.0003"/>
		<pos x="14906.8" z="2543.74" a="0"/>
		<pos x="14768" z="2569.76" a="81"/>
		<pos x="14345.1" z="2317.91" a="63"/>
		<pos x="14767" z="1675.79" a="108"/>
		<pos x="14934.6" z="1586.85" a="0"/>
		<pos x="15452.6" z="1615.79" a="-108"/>
		<pos x="15073.8" z="1803.21" a="0"/>
		<pos x="15759.4" z="2055.3" a="0"/>
		<pos x="15796.1" z="1907.76" a="0"/>
		<pos x="15245.4" z="801.45" a="0"/>
		<pos x="14894.4" z="3060.99" a="171"/>
		<pos x="14838.3" z="3076.36" a="0"/>
		<pos x="13789.7" z="4239.06" a="99"/>
		<pos x="11430.7" z="6655.87" a="-153"/>
		<pos x="11147.6" z="7061.72" a="-90"/>
		<pos x="10889.8" z="6696.56" a="0"/>
		<pos x="10323.9" z="7053.73" a="98.9999"/>
		<pos x="10451.6" z="7910.42" a="-81"/>
		<pos x="7177.23" z="8255.79" a="-90"/>
		<pos x="6944.57" z="7939.69" a="9.00004"/>
		<pos x="7968.23" z="7139.53" a="0"/>
		<pos x="7612.4" z="7003.71" a="108"/>
		<pos x="7531.09" z="6975.53" a="162"/>
		<pos x="7361.78" z="6839.69" a="-108"/>
		<pos x="7354.34" z="6867.27" a="72"/>
		<pos x="7452.3" z="6821.66" a="0"/>
		<pos x="7609" z="6780.02" a="-63"/>
		<pos x="7726.5" z="6805.05" a="144"/>
		<pos x="7572.64" z="6890.19" a="-27"/>
		<pos x="6527.94" z="8129.41" a="17.9999"/>
		<pos x="6681.62" z="8835.35" a="27"/>
		<pos x="6889.67" z="9913.21" a="-135"/>
		<pos x="5620.94" z="6239.87" a="54"/>
		<pos x="4860.21" z="5712.42" a="0"/>
		<pos x="4659.28" z="5622.45" a="0"/>
		<pos x="2786.54" z="4438.93" a="-117"/>
		<pos x="5814.96" z="4924.07" a="63"/>
		<pos x="6261.61" z="5009.2" a="-171"/>
		<pos x="7429.35" z="5869.41" a="54"/>
		<pos x="8443.95" z="6578.25" a="-162"/>
		<pos x="9098.47" z="7051.63" a="-171"/>
		<pos x="1582.73" z="13538.2" a="98.9999"/>
		<pos x="3391.11" z="15229.5" a="-126"/>
		<pos x="2346.03" z="15425.6" a="-54"/>
		<pos x="8816.01" z="10065.8" a="-99"/>
		<pos x="8910.61" z="9974.09" a="108"/>
		<pos x="9007.72" z="9713.83" a="135"/>
		<pos x="9112.56" z="9436.73" a="63"/>
		<pos x="9205.93" z="9027.87" a="-162"/>
		<pos x="8559.01" z="9193.92" a="81"/>
		<pos x="8317.71" z="9443.55" a="108"/>
		<pos x="8346.97" z="9731.51" a="0"/>
		<pos x="7350.09" z="9152.14" a="171"/>
		<pos x="8229.35" z="8719.42" a="90"/>
		<pos x="8175.34" z="8456.12" a="-144"/>
		<pos x="7535.69" z="13290.8" a="99"/>
		<pos x="7831.77" z="13250" a="126"/>
		<pos x="8098.84" z="13185" a="-117"/>
		<pos x="8477.09" z="14046" a="0"/>
		<pos x="8360.56" z="14112.2" a="144"/>
		<pos x="8319.88" z="14105.6" a="-144"/>
		<pos x="8320" z="14119.7" a="-63"/>
		<pos x="8013.42" z="14132.9" a="0"/>
		<pos x="6347.9" z="14110" a="-45"/>
		<pos x="6366.07" z="14108" a="45"/>
		<pos x="6359" z="14024.3" a="81"/>
		<pos x="6582.4" z="14031.7" a="-171"/>
		<pos x="7218.53" z="13999.3" a="0"/>
		<pos x="7828.32" z="13948.2" a="-63"/>
		<pos x="8186.16" z="14035.4" a="0"/>
		<pos x="7994.63" z="13697.2" a="99"/>
		<pos x="7497.33" z="12928.1" a="-17.9999"/>
		<pos x="6960.16" z="13326.8" a="0"/>
		<pos x="6611.1" z="13588.7" a="0"/>
		<pos x="6049.53" z="14015" a="0"/>
		<pos x="8616.12" z="16948.9" a="-144"/>
		<pos x="8198.93" z="17204.2" a="-135"/>
		<pos x="7331.27" z="17686.3" a="108"/>
		<pos x="6747.95" z="17947.1" a="144"/>
		<pos x="6069.99" z="18068.3" a="-9.00004"/>
		<pos x="5390.86" z="18114.8" a="-108"/>
		<pos x="5450.29" z="18239.3" a="0"/>
		<pos x="5625.08" z="18107.7" a="0"/>
		<pos x="6377.32" z="18123.3" a="-117"/>
		<pos x="6625.89" z="17644.3" a="-108"/>
		<pos x="6591.79" z="17487.4" a="144.001"/>
		<pos x="6503.33" z="17225.9" a="81"/>
		<pos x="6734.7" z="16749.8" a="0"/>
		<pos x="6718.64" z="16711.5" a="-54.0001"/>
		<pos x="6259.85" z="16537.6" a="135"/>
		<pos x="6095.92" z="16634.8" a="153"/>
		<pos x="5457.23" z="16821.3" a="54.0001"/>
		<pos x="5433.19" z="16930.4" a="0"/>
		<pos x="7423.98" z="10233.7" a="162"/>
		<pos x="7552.31" z="10123.2" a="-144"/>
		<pos x="7742.66" z="10026.9" a="-63"/>
		<pos x="7744.25" z="10012.8" a="-135"/>
		<pos x="8221.21" z="10101" a="-45"/>
		<pos x="9502.93" z="8750.49" a="-81.0001"/>
		<pos x="9748.31" z="8538.42" a="-180"/>
		<pos x="10007.7" z="8356.29" a="-35.9999"/>
		<pos x="10855.8" z="7497.41" a="0"/>
		<pos x="11356.5" z="6847.19" a="0"/>
		<pos x="11613.8" z="6425.75" a="-45"/>
		<pos x="12003.9" z="5863.36" a="0"/>
		<pos x="12093.3" z="5699.28" a="171"/>
		<pos x="12244.4" z="5464.91" a="-63"/>
		<pos x="11820.8" z="4988.23" a="-162"/>
		<pos x="12024.9" z="5293.59" a="162"/>
		<pos x="12360" z="5646.06" a="0"/>
		<pos x="12480.1" z="5143.69" a="135"/>
		<pos x="12541.3" z="4420.26" a="-135"/>
		<pos x="12339.6" z="4167.84" a="-153"/>
		<pos x="12058.9" z="3853.36" a="-144"/>
		<pos x="11630.5" z="3271.03" a="-171"/>
		<pos x="11463.7" z="3028.8" a="-90"/>
		<pos x="11193.3" z="2550.55" a="-54"/>
		<pos x="10832.8" z="2463.71" a="54.0002"/>
		<pos x="10403.8" z="2422.38" a="144"/>
		<pos x="9103.28" z="2343.51" a="-126"/>
		<pos x="8659.88" z="2342.4" a="-45"/>
		<pos x="8764.02" z="2426.39" a="108"/>
		<pos x="8773.96" z="2930.04" a="135"/>
		<pos x="9040.94" z="2742.92" a="0"/>
		<pos x="8097.35" z="2295.52" a="-144"/>
		<pos x="7834.62" z="2296.88" a="63"/>
		<pos x="9788.46" z="2491.87" a="-117"/>
		<pos x="9718.33" z="3096.04" a="35.9998"/>
		<pos x="9580.45" z="3750.61" a="90"/>
		<pos x="9496.2" z="4714.03" a="-108"/>
		<pos x="11377.3" z="1973.83" a="-171"/>
		<pos x="11623.2" z="1574.15" a="0"/>
		<pos x="11773.5" z="1275.47" a="-54.0002"/>
		<pos x="11845.6" z="1183.75" a="0"/>
		<pos x="12240.3" z="504.483" a="135"/>
		<pos x="11579.8" z="2372.23" a="-162"/>
		<pos x="11575.1" z="2388.96" a="18"/>
		<pos x="11997.9" z="2305.63" a="162"/>
		<pos x="12288.6" z="2279.27" a="53.9999"/>
		<pos x="12857.9" z="2169.93" a="144"/>
		<pos x="13329.9" z="2113.66" a="35.9998"/>
		<pos x="13635.9" z="2048.28" a="171"/>
		<pos x="15530.6" z="3900.37" a="45"/>
		<pos x="16434.4" z="3970.41" a="54"/>
		<pos x="17548.4" z="4024.82" a="153"/>
		<pos x="6218.39" z="6671.55" a="162"/>
		<pos x="1257.48" z="17054.2" a="0"/>
		<pos x="1023.89" z="17217.3" a="-108"/>
		<pos x="864.841" z="17368.8" a="0"/>
		<pos x="701.031" z="17558.3" a="0"/>
		<pos x="610.111" z="17839.1" a="26.9999"/>
		<pos x="528.78" z="18073.1" a="-63"/>
		<pos x="595.997" z="18485.3" a="117"/>
		<pos x="601.877" z="18910" a="-45"/>
		<pos x="626.175" z="19028.6" a="54"/>
		<pos x="780.38" z="19786" a="-135"/>
		<pos x="1058.15" z="19655" a="-72"/>
		<pos x="1281.4" z="19594.7" a="162"/>
		<pos x="1539.46" z="19527.3" a="0"/>
		<pos x="1724.84" z="19319" a="-45"/>
		<pos x="1753.71" z="19302.5" a="126"/>
		<pos x="1534.5" z="19197.3" a="-72"/>
		<pos x="2906.33" z="17901" a="-35.9996"/>
		<pos x="2985.94" z="17782.7" a="0"/>
		<pos x="2991.63" z="17772.9" a="108"/>
		<pos x="3488.83" z="17722" a="-135"/>
		<pos x="4450.29" z="18126.2" a="81"/>
		<pos x="4726.21" z="18670.2" a="81"/>
		<pos x="4552.8" z="18456.1" a="108"/>
		<pos x="6744.05" z="6717.07" a="-144"/>
		<pos x="8369.43" z="7366.59" a="135"/>
		<pos x="8313.81" z="7619.08" a="-135"/>
		<pos x="8546.84" z="7785.1" a="-144"/>
		<pos x="8769.79" z="7867.14" a="144"/>
		<pos x="8808.84" z="8366.44" a="62.9998"/>
	</event>
	<event name="ItemPlanks">
		<pos x="13772.8" y="199.248" z="18422.2" a="-30"/>
		<pos x="13337.7" y="199.317" z="18585.5" a="-110"/>
		<pos x="11823.5" y="199.048" z="18103.1" a="82.2082"/>
		<pos x="3675.21" y="203.207" z="16391" a="-54.6721"/>
		<pos x="7043.01" y="199.677" z="10725.3" a="-1.77674"/>
		<pos x="5439.02" y="198.717" z="18257.8" a="27.8812"/>
		<pos x="7922.88" y="201.939" z="8585.15" a="155.112"/>
		<pos x="6792.95" y="200.491" z="16766.8" a="-70.6379"/>
		<pos x="4238.58" y="201.497" z="16003.8" a="179.536"/>
		<pos x="14993.8" y="206.337" z="1514.63" a="66.5"/>
		<pos x="2986.54" y="204.49" z="2350.72" a="45"/>
		<pos x="2572.05" y="207.59" z="2542.52" a="45"/>
		<pos x="3650.64" y="204.22" z="16325.9" a="45"/>
		<pos x="3551.7" y="203.543" z="16370.4" a="45"/>
		<pos x="13134.4" y="203.61" z="3631.72" a="45"/>
		<pos x="13785.7" y="202.867" z="3287.92" a="45"/>
		<pos x="13723.3" y="202.398" z="3523.97" a="135"/>
		<pos x="12965.8" y="204.478" z="5200.85" a="54"/>
		<pos x="11880.2" y="204.956" z="5212.41" a="-36"/>
		<pos x="11341.9" y="207.027" z="6145.08" a="0"/>
		<pos x="8180.79" y="200.867" z="13007.3" a="-137"/>
		<pos x="8444.56" y="200.872" z="13317.1" a="-140"/>
		<pos x="8914.64" y="200.597" z="14044.9" a="114"/>
		<pos x="8949.26" y="200.659" z="13657.3" a="27"/>
		<pos x="6070.96" y="201.351" z="16416.9" a="115"/>
		<pos x="4329.44" y="201.105" z="16651.4" a="-121"/>
		<pos x="3140.77" y="203.172" z="16761.6" a="135"/>
		<pos x="2905.89" y="203.145" z="16772.1" a="130"/>
		<pos x="2160.86" y="207.408" z="16616.9" a="117"/>
		<pos x="2196.64" y="207.366" z="16485.2" a="32"/>
		<pos x="1613.86" y="200.627" z="18088.7" a="-90"/>
		<pos x="1667.75" y="200.647" z="18066.3" a="-97"/>
		<pos x="2525.9" y="198.057" z="19760.9" a="-90"/>
		<pos x="2542.17" y="198.56" z="19633.7" a="15"/>
		<pos x="2676.77" y="198.335" z="19621.2" a="-10"/>
    </event>
    <event name="VehicleTruck01">
		<pos x="15525.9" y="205.663" z="1143.81" a="0"/>
		<pos x="13909.8" y="205.344" z="1879.06" a="-84.1512"/>
		<pos x="14313.1" y="203.639" z="2471.19" a="0"/>
		<pos x="16846.2" y="199.988" z="1295.89" a="0"/>
		<pos x="16372.4" y="198.763" z="2171.77" a="46.9444"/>
		<pos x="13883.9" y="203.094" z="3398.49" a="-112.801"/>
		<pos x="13743.7" y="203.873" z="3507.32" a="-174.157"/>
		<pos x="14087.3" y="201.715" z="3355.25" a="-163.513"/>
		<pos x="12802" y="206.393" z="5402.84" a="-134.34"/>
		<pos x="11867.2" y="206.39" z="5254.82" a="-94.6023"/>
		<pos x="11658.5" y="206.164" z="5180.43" a="0"/>
		<pos x="11327.3" y="207.994" z="6134.43" a="-163.48"/>
		<pos x="11046.2" y="203.714" z="6723.35" a="-0.0172369"/>
		<pos x="7934.89" y="203.355" z="8559.87" a="151.024"/>
		<pos x="8091.65" y="200.814" z="12655.2" a="-45.0734"/>
		<pos x="4774.07" y="208.161" z="5627.85" a="-35.8531"/>
		<pos x="8217.21" y="202.393" z="13097.3" a="0"/>
		<pos x="8894.85" y="202.067" z="13768" a="-65.1041"/>
		<pos x="8903.81" y="202.208" z="13844.3" a="-155.637"/>
		<pos x="8276.03" y="202.604" z="14603.2" a="127.228"/>
		<pos x="7244.98" y="202.887" z="15489" a="-79.5986"/>
		<pos x="7735.22" y="202.994" z="14934.4" a="162.976"/>
		<pos x="6500.27" y="202.604" z="14999.6" a="0"/>
		<pos x="6689.36" y="201.304" z="16799.5" a="-128.334"/>
		<pos x="4773.81" y="202.999" z="16837.2" a="-97.1913"/>
		<pos x="4274.17" y="201.194" z="16011.5" a="45.0869"/>
		<pos x="4441.59" y="202.484" z="15743.5" a="-117.106"/>
		<pos x="3626.91" y="204.623" z="16367.3" a="106.351"/>
		<pos x="3060.04" y="204.544" z="16646" a="42.3659"/>
		<pos x="3047.26" y="204.668" z="16751.8" a="-95.9494"/>
		<pos x="3961.83" y="200.968" z="16452.8" a="85.0736"/>
		<pos x="2661.3" y="211.978" z="15821" a="74.4182"/>
		<pos x="2153.98" y="208.685" z="16593.2" a="-15.0855"/>
		<pos x="5458.44" y="200.054" z="18218.6" a="-83.2165"/>
		<pos x="1604.38" y="201.834" z="18109.6" a="-2.43497"/>
		<pos x="1936.13" y="201.779" z="19300.9" a="-88.6671"/>
		<pos x="4535.89" y="200.654" z="18234.9" a="149.111"/>
		<pos x="9381.18" y="200.157" z="16532.5" a="0"/>
		<pos x="13379.2" y="200.79" z="18620.2" a="74.4844"/>
		<pos x="17024" y="219.307" z="11544.7" a="0"/>
		<pos x="18019.5" y="198.83" z="3852.79" a="60.9123"/>
		<pos x="16524.7" y="197.457" z="2393.68" a="41.6068"/>
		<pos x="15780.1" y="205.647" z="1899.03" a="-8.83317"/>
		<pos x="12359.8" y="203.202" z="331.979" a="-36.1707"/>
		<pos x="153.206" y="205.894" z="1071.42" a="28.7077"/>
		<pos x="9811.15" y="204.766" z="2403.37" a="162.199"/>
		<pos x="11440.6" y="201.018" z="11136.4" a="-111.654"/>
		<pos x="8449.4" y="202.334" z="13324.4" a="-50.4071"/>
		<pos x="8017.6" y="201.417" z="14293.6" a="94.0394"/>
		<pos x="7386.02" y="202.681" z="15786" a="136.142"/>
		<pos x="6633.05" y="202.691" z="16016.8" a="-72.2086"/>
		<pos x="6231.74" y="203.005" z="16139.2" a="114.798"/>
		<pos x="5764.05" y="202.634" z="15488.4" a="-125.868"/>
		<pos x="11272.9" y="202.094" z="2427.16" a="-96.1201"/>
		<pos x="3418.81" y="200.651" z="17853" a="55.346"/>
		<pos x="3989.09" y="202.173" z="17622.9" a="-160.765"/>
		<pos x="16686.5" y="219.382" z="11384.9" a="0"/>
		<pos x="5413.37" y="208.13" z="14503.1" a="155.615"/>
		<pos x="16896.3" y="220.406" z="11945.9" a="0"/>
		<pos x="11879.2" y="201.394" z="18114.5" a="0"/>
	</event>
	<event name="StaticTrain">   <!-- NOT UPDATED FOR PRIPYAT -->
		<zone smin="0" smax="0" dmin="1" dmax="2" r="20" />
    	<pos x="5587.466" z="2063.353" a="0" y="7.75" group="Train_Abandoned_Cherno"/>
    	<pos x="3678.228" z="2328.108" a="0" y="6.7" group="Train_Abandoned_Kamarovo"/>
    	<pos x="11254.230" z="3290.319" a="0" y="6.65" group="Train_Abandoned_Kamy"/>
    	<pos x="1256.313" z="9349.465" a="0" y="211.82" group="Train_Abandoned_Myshkino"/>
    	<pos x="5428.630" z="12312.974" a="0" y="185.59" group="Train_Abandoned_Petrovka"/>
    	<pos x="8802.031" z="2334.222" a="0" y="8.42" group="Train_Abandoned_Prigorodki"/>
    	<pos x="13402.112" z="4303.119" a="0" y="6.711" group="Train_Abandoned_Skalisty"/>
    	<pos x="13377.262" z="13919.888" a="0" y="17.247" group="Train_Abandoned_Svetlo"/>
    	<pos x="1309.973" z="4991.340" a="0" y="166.685" group="Train_Abandoned_Zvir"/>
    	<pos x="12912.529" z="15006.073" a="0" y="57.478" group="Train_Accident_Dobroe"/>
    	<pos x="10797.634" z="2567.169" a="0" y="6.160" group="Train_Accident_Electro"/>
    	<pos x="12851.586" z="8577.874" a="0" y="6.567" group="Train_Accident_Nizhnoye"/>
    	<pos x="13590.054" z="11515.854" a="0" y="14.062" group="Train_Accident_Rify"/>
    	<pos x="9384.272" z="13392.446" a="0" y="105.328" group="Train_Accident_Severo"/>
    	<pos x="13213.484" z="6894.041" a="0" y="6.160" group="Train_Accident_Solnichniy"/>
    	<pos x="13363.302" z="5439.232" a="0" y="8.0" group="Train_Accident_Solnichniy2"/>
    	<pos x="2025.067" z="11378.385" a="0" y="249.535" group="Train_Accident_Vavilovo"/> 
    	<pos x="10398.986328" z="17823.736328" a="59.107941" y="201.051636" group="Train_Mil_Kamenka"/> <!-- TESTING NOT CORRECT  -->
		<pos x="1443.256" z="6622.697" a="0" y="176.220" group="Train_Mil_Metalurg"/>
    	<pos x="673.779" z="8747.024" a="0" y="194.405" group="Train_Mil_Myshkino"/>
    	<pos x="3262.817" z="12430.286" a="0" y="219.495" group="Train_Mil_Petrovka"/> 
	</event>
	<event name="StaticMilitaryConvoy">  <!-- WIP FOR PRIPYAT -->
		<zone smin="0" smax="0" dmin="1" dmax="1" r="20" />
    	<pos x="13694.050781" z="3344.657227" a="0" y="202.464020" group="Abandoned_Arsenovo"/>  <!--UPDATED FOR PRIPYAT -->
		<pos x="12716.587891" z="4618.146484" a="0" y="203.631821" group="Abandoned_Balota"/>  <!--UPDATED FOR PRIPYAT -->
		<pos x="14629.365234" z="1877.482910" a="0" y="204.500137" group="Abandoned_Cherno"/>  <!--UPDATED FOR PRIPYAT -->
		<pos x="390.361938" z="2186.821045" a="0" y="204.232513" group="Abandoned_Kamensk"/> <!--UPDATED FOR PRIPYAT -->
	<!--	<pos x="3048.051" z="9986.940" a="0" y="291.746" group="Abandoned_Lopatino"/> -->
	<!--	<pos x="10927.198" z="13403.151" a="0" y="219.720" group="Abandoned_Novo"/> -->
	<!--	<pos x="5248.110" z="6510.306" a="0" y="263.877" group="Abandoned_Rogovo"/> -->
	<!--	<pos x="616.200" z="12121.522" a="0" y="391.921" group="Abandoned_Sinystok"/> -->
	<!--	<pos x="6427.380" z="8027.553" a="0" y="323.645" group="Abandoned_StarySobor"/> -->
	<!--	<pos x="12678.560" z="4834.562" a="0" y="117.462" group="Abandoned_Tulga"/> -->
	<!--	<pos x="3623.335" z="8078.458" a="0" y="298.206" group="Abandoned_Vybor"/> -->
		<pos x="6834.655273" z="7666.362305" a="0" y="205.977554" group="Ambush_Dolina"/>   <!--UPDATED FOR PRIPYAT -->
		<pos x="9413.961914" z="8820.696289" a="0" y="203.676956" group="Ambush_Dubrovka"/>   <!--UPDATED FOR PRIPYAT -->
	<!--	<pos x="5768.208" z="10208.027" a="0" y="274.293" group="Ambush_Grishino"/> -->
	<!--	<pos x="8387.078" z="5988.155" a="0" y="292.062" group="Ambush_Kumyrna"/> -->
	<!--	<pos x="1203.912" z="7974.503" a="0" y="218.039" group="Ambush_Metalurg"/> -->
	<!--	<pos x="9834.277" z="4667.238" a="0" y="84.831" group="Supply_Elektro"/> -->
	<!--	<pos x="4132.739" z="5649.462" a="0" y="347.288" group="Supply_GreenMountain"/> -->
		<pos x="5407.230469" z="16248.785156" a="140.184769" y="203.426361" group="Supply_Kamenka"/>  <!--UPDATED FOR PRIPYAT --> 
		<pos x="1957.392212" z="16419.851563" a="-35.619648" y="203.518311" group="Supply_Komarovo"/>  <!--UPDATED FOR PRIPYAT -->
		<pos x="17194.519531" z="14642.244141" a="147.207596" y="206.605713" group="Supply_Petrovka"/> <!--UPDATED FOR PRIPYAT -->
		<pos x="19128.466797" z="18448.093750" a="-23.607141" y="567.865601" group="Supply_Tisy"/> <!--UPDATED FOR PRIPYAT -->
	<!--	<pos x="332.324" z="3059.927" a="0" y="99.673" group="Supply_Volchiypik"/> -->
	</event>
	<event name="StaticPoliceSituation">  <!-- NOT UPDATED FOR PRIPYAT -->
		<zone smin="0" smax="0" dmin="1" dmax="2" r="20" />
		<pos x="11909.426" z="6432.040" a="0" y="49.747" group="Block_Dolina"/>
		<pos x="10400.112" z="2237.542" a="0" y="5.930" group="Block_Elektro"/>
		<pos x="8757.742" z="11875.513" a="0" y="206.034" group="Block_Gvozdno"/>
		<pos x="2666.745" z="5887.918" a="0" y="251.544" group="Block_Zeleno"/>
		<pos x="8138.609" z="8564.824" a="0" y="428.844" group="Traffic_Altar"/>
		<pos x="4888.580" z="2784.829" a="0" y="25.428" group="Traffic_Balota"/>
		<pos x="12932.872" z="10189.173" a="0" y="5.980" group="Traffic_Berezino"/>
		<pos x="13580.554" z="11766.809" a="0" y="30.708" group="Traffic_Berezino2"/>
		<pos x="3433.691" z="3953.545" a="0" y="192.242" group="Traffic_Bor"/>
		<pos x="6906.814" z="3086.961" a="0" y="7.280" group="Traffic_Cherno"/>
		<pos x="6447.458" z="2552.698" a="0" y="5.975" group="Traffic_Cherno2"/>
		<pos x="13404.373" z="14722.688" a="0" y="38.293" group="Traffic_Dobroe"/>
		<pos x="10545.377" z="10260.771" a="0" y="102.047" group="Traffic_Dubrovka"/>
		<pos x="10448.940" z="8882.513" a="0" y="223.098" group="Traffic_Gorka"/>
		<pos x="5689.945" z="11852.006" a="0" y="221.974" group="Traffic_Grishino"/>
		<pos x="5744.804" z="9286.175" a="0" y="315.611" group="Traffic_Grishino2"/>
		<pos x="1894.825" z="2126.238" a="0" y="4.147" group="Traffic_Kamenka"/>
		<pos x="7517.877" z="14048.492" a="0" y="260.978" group="Traffic_Kamensk"/>
		<pos x="12873.966" z="3729.957" a="0" y="4.960" group="Traffic_Kamy"/>
		<pos x="4523.444" z="4489.846" a="0" y="226.011" group="Traffic_Kozlovka"/>
		<pos x="11087.840" z="12478.969" a="0" y="226.415" group="Traffic_Krasno"/>
		<pos x="2515.404" z="9651.739" a="0" y="254.428" group="Traffic_Lopatino"/>
		<pos x="7512.342" z="4660.855" a="0" y="219.617" group="Traffic_Mogilevka"/>
		<pos x="9044.078" z="4934.135" a="0" y="113.847" group="Traffic_Mogilevka2"/>
		<pos x="11581.700" z="14614.000" a="0" y="58.116" group="Traffic_Novo"/>
		<pos x="3570.656" z="13899.145" a="0" y="231.642" group="Traffic_Petrovka"/>
		<pos x="4711.930" z="6356.809" a="0" y="282.775" group="Traffic_Pogorevka"/>
		<pos x="5828.543" z="5954.523" a="0" y="201.752" group="Traffic_Pulkovo"/>
		<pos x="7729.012" z="12629.849" a="0" y="118.510" group="Traffic_Severo"/>
		<pos x="1493.279" z="11113.760" a="0" y="290.985" group="Traffic_Sinystok"/>
		<pos x="13103.048" z="7345.300" a="0" y="6.087" group="Traffic_Soln"/>
		<pos x="10670.524" z="4568.996" a="0" y="125.785" group="Traffic_Staroye"/>
		<pos x="6582.245" z="7508.025" a="0" y="283.046" group="Traffic_Stary"/>
		<pos x="5346.021" z="14484.883" a="0" y="341.170" group="Traffic_StaryYar"/>
		<pos x="9434.659" z="13915.317" a="0" y="106.461" group="Traffic_Svergino"/>
		<pos x="13378.349" z="5439.850" a="0" y="5.920" group="Traffic_ThreeValleys"/>
		<pos x="2244.152" z="12250.476" a="0" y="237.972" group="Traffic_Topolniki"/>
		<pos x="4927.973" z="7844.380" a="0" y="333.543" group="Traffic_VMC"/>
		<pos x="3518.464" z="9122.509" a="0" y="310.821" group="Traffic_Vybor"/>
	</event>
	<!-- Copy from here... -->
	<!-- EXPANSION CARS -->
	<event name="VehicleUAZ">
		<!-- Airfield Vyvor -->
		<pos x="5419.167969" y="333.421509" z="9886.763672" a="178.721161" />
		<!-- Airfield Balota -->
		<pos x="4847.206055" y="10.586733" z="2465.876221" a="57.025002" />
		<!-- Military Base Tisy -->
		<pos x="1711.423950" y="453.369049" z="14120.800781" a="32.195831" />
		<!-- Military Base Kamensk -->
		<pos x="7743.189453" y="362.079010" z="14860.373047" a="15.953650" />
		<!-- Military Base Zeleno -->
		<pos x="2548.715088" y="191.960663" z="5198.598145" a="45.981197" />
		<!-- Military Base VMC -->
		<pos x="4544.528809" y="319.462463" z="8333.652344" a="26.989965" />
		<!-- Military Base Pavlovo -->
		<pos x="2209.268066" y="93.761986" z="3369.180420" a="45.016136" />
	</event>
	<event name="VehicleVodnik">
		<!-- Military Base Tisy -->
		<pos x="567.561096" y="503.953217" z="13655.631836" a="0.000000" />
		<!-- Plotina Tishina Dam -->
		<pos x="1159.035278" y="153.176682" z="6219.569824" a="0.000000" />
	</event>
	<event name="VehicleBus">
		<!-- Cherno Bus Station -->
		<pos x="6391.597168" y="12.033311" z="2696.855469" a="38.998974" />
		<!-- Elektro Bus Stop -->
		<pos x="10901.647461" y="5.876880" z="2813.317383" a="20.49" />
		<!-- Zeleno Bus Station -->
		<pos x="2514.898438 " y="190.492996" z="5272.000000" a="95.000023" />
		<!-- Pustoshka Bus Stop -->
		<pos x="2907.472412 " y="331.534241" z="7308.514160" a="17.00" />
		<!-- Servograd Bus Stop -->
		<pos x="7912.813965 " y="117.039627" z="12669.354492" a="64.00019" />
		<!-- Berezino Bus Stop -->
		<pos x="12982.299805 " y="6.062156" z="8363.116211" a="-17.00" />
	</event>
	<event name="VehicleTractor">
		<!-- Krasnostav -->
		<pos x="10869.070313" y="234.547668" z="12285.822266" a="37.827099" />
		<pos x="13465.051758" y="79.656189" z="13067.939453" a="325.00671" />
		<!-- Polyana -->
		<pos x="10665.547852" y="211.476746" z="7917.082031" a="289.703583" />
		<pos x="10785.945313" y="233.722229" z="8238.893555" a="164.680328" />
		<!-- Berezino -->
		<pos x="12300.703125" y="34.068638" z="9174.880859" a="0.000000" />
	</event>
	<event name="VehicleLandRover">
	    <!-- Stary Yar -->
		<pos x="4832.06" y="475.25" z="15187.4" a="-171"/>
        <!-- Metalurg -->
		<pos x="1052.22" y="159.931" z="6674.85" a="-90"/>
		<!-- Krasnostav -->
		<pos x="11164" y="197.614" z="12182.8" a="-58.5678"/>
		<!-- Youth Pioneer Camp -->
		<pos x="11151.7" y="134.596" z="7049.74" a="-110.19"/>
        <!-- Myshkino -->
		<pos x="2021.77" y="241.837" z="7054.07" a="-9.49191"/>
		<!-- Biathlon -->
		<pos x="503.831" y="424.199" z="11067" a="117"/>
		<!-- Dobroe -->
		<pos x="12865" y="63.4724" z="15123.1" a="32.4625"/>
	</event>
	<!-- EXPANSION HELICOPTERS -->
	<event name="VehicleMH6Helicopter">
		<!-- Airfield Vyvor -->
		<pos x="4169.207031" y="338.414795" z="10990.304688" a="71.035965" />
		<!-- Prison Island -->
		<pos x="2610.090576" y="21.751432" z="1306.517334" a="14.250560" />
		<!-- Military Base Tisy -->
		<pos x="1689.941284" y="451.738586" z="14343.285156" a="0.000000" />
	</event>
	<event name="VehicleMerlinHelicopter">
		<!-- Airfield Vyvor -->
		<pos x="4675.005859" y="342.870758" z="10362.887695" a="304.364269" />
	</event>
	<event name="VehicleUh1hHelicopter">
		<!-- Airfield Vybor -->
		<pos x="4096.730957" y="342.045197" z="10652.285156" a="26.790075" />
		<!-- Military Base Kamensk -->
		<pos x="8007.443848" y="342.698883" z="14627.948242" a="29.346302" />
		<!-- Biathlon Arena -->
		<pos x="504.444275" y="424.994934" z="11237.218750" a="10.636043" />
	</event>
	<event name="VehicleGyroHelicopter">
		<!-- Airfield Balota -->
		<pos x="5030.672363" y="9.536390" z="2356.444824" a="40.269878" />
	</event>
	<!-- EXPANSION BOATS -->
	<event name="VehicleUtilityBoat">
		<!-- Prison Island -->
		<pos x="2694.401367" y="2.893368" z="1386.396973" a="3.000063" />
		<!-- Balota -->
		<pos x="4324.443359" y="3.187644" z="2144.913818" a="285.999825" />
		<!-- Nizhneye -->
		<pos x="13078.616211" y="3.127557" z="8249.444336" a="94.973480" />
		<!-- Berezino -->
		<pos x="13222.479492" y="3.078305" z="9997.265625" a="195.999451" />
	</event>
	<event name="VehicleZodiacBoat">
		<!-- Kamenka -->
		<pos x="1862.077881" y="1.035321" z="2069.190430" a="119.000206" />
		<!-- Komarovo -->
		<pos x="3605.452881" y="1.037562" z="2051.242920" a="101.000137" />
		<!-- Prison Island -->
		<pos x="2828.842041" y="1.381267" z="1130.739990" a="120.687057" />
		<!-- Cherno -->
		<pos x="6857.394531" y="1.353274" z="2666.107422" a="0.000000" />
		<pos x="7004.533203" y="1.027294" z="2529.761475" a="235.000114" />
		<pos x="7504.036621" y="1.211231" z="2509.003906" a="25.000063" />
		<pos x="6463.131836" y="1.522734" z="2183.592773" a="132.766693" />
		<pos x="6570.701660" y="1.352989" z="2239.216797" a="83.193115" />
		<!-- Prigorodi -->
		<pos x="7793.382324" y="1.196902" z="2997.535400" a="202.000061" />
		<pos x="7806.783203" y="1.302303" z="2764.739014" a="244.647537" />
		<!-- Elektro -->
		<pos x="9798.750000" y="1.191982" z="1733.862427" a="135.000473" />
		<pos x="10190.645508" y="1.264722" z="1659.459717" a="80.000183" />
		<pos x="10892.398438" y="1.480017" z="2327.396973" a="0.000000" />
		<pos x="10950.109375" y="1.418841" z="2641.047852" a="55.000072" />
		<!-- Kamyshovo -->
		<pos x="12062.391602" y="1.077910" z="3420.425293" a="173.000580" />
		<!-- Near Solnechny -->
		<pos x="13472.156250" y="1.038827" z="5439.098145" a="0.000000" />
		<!-- Solnechny -->
		<pos x="13550.460938" y="1.387331" z="6299.495117" a="79.000191" />
		<!-- Nizhneye -->
		<pos x="13153.362305" y="1.107187" z="7669.155762" a="89.735107" />
		<!-- Svetlo -->
		<pos x="14297.227539" y="1.070972" z="13244.783203" a="261.999641" />
	</event>
	<!-- ....To here -->
	<event name="ItemNodeSpawn">
		<pos x="5407.230469" y="203.426361" z="16248.785156" a="140.184769" />
	</event>
	<event name="ItemNodeSpawn">
		<pos x="8611" y="104" z="13343" a="0.000000" />
		<pos x="8606" y="104" z="13347" a="0.000000" />
		<pos x="8612" y="103" z="13335" a="0.000000" />
		<pos x="8609" y="103" z="13330" a="0.000000" />
		<pos x="8609" y="104" z="13346" a="0.000000" />
		<pos x="8611" y="103" z="13339" a="0.000000" />
		<pos x="8609" y="105" z="13348" a="0.000000" />
		<pos x="8605" y="104" z="13344" a="0.000000" />
		<pos x="8612" y="104" z="13346" a="0.000000" />
		<pos x="8593" y="105" z="13345" a="0.000000" />
		<pos x="8597" y="104" z="13348" a="0.000000" />
		<pos x="8594" y="105" z="13348" a="0.000000" />
		<pos x="8595" y="103" z="13344" a="0.000000" />
		<pos x="8599" y="104" z="13320" a="0.000000" />
		<pos x="8596" y="108" z="13313" a="0.000000" />
		<pos x="8607" y="100" z="13309" a="0.000000" />
		<pos x="8595" y="114" z="13304" a="0.000000" />
		<pos x="8592" y="115" z="13275" a="0.000000" />
		<pos x="8579" y="107" z="13269" a="0.000000" />
		<pos x="8562" y="122" z="13267" a="0.000000" />
		<pos x="8528" y="129" z="13280" a="0.000000" />
		<pos x="8535" y="118" z="13356" a="0.000000" />
		<pos x="8548" y="119" z="13369" a="0.000000" />
		<pos x="8568" y="118" z="13379" a="0.000000" />
		<pos x="8606" y="113" z="13390" a="0.000000" />
		<pos x="8631" y="120" z="13336" a="0.000000" />
		<pos x="8624" y="111" z="13346" a="0.000000" />
	</event>
 <!--   <event name="VehicleTransitBus" /> -->
    <event name="InfectedVillage" />
    <event name="InfectedSolitude" />
    <event name="InfectedArmy" />
    <event name="InfectedCity" />
    <event name="InfectedMedic" />
    <event name="InfectedPolice" />
    <event name="InfectedFirefighter" />
    <event name="InfectedPrisoner" />
	<!-- Using Ambient system for these -->
 <!--   <event name="AnimalDeer" />
    <event name="AnimalCow" />
    <event name="AnimalSheep" />
    <event name="AnimalRoeDeer" /> -->
    <event name="AnimalWolf" />
 <!--   <event name="AnimalWildBoar" /> -->
</eventposdef>
