<?xml version="1.0" encoding="UTF-8" standalone="yes"?>
<playerspawnpoints>
    <!--
        Spawn points settings for newly created player characters
    -->
    <fresh>
        <!-- runtime parameters used when player is spawning -->
        <spawn_params>
            <!-- used to rate point against infected -->
            <min_dist_infected>30.0</min_dist_infected>
            <max_dist_infected>70.0</max_dist_infected>
            <!-- used to rate point against other players -->
            <min_dist_player>25.0</min_dist_player>
            <max_dist_player>70.0</max_dist_player>
            <!-- used to rate point against buildings -->
            <min_dist_static>0.5</min_dist_static>
            <max_dist_static>2.0</max_dist_static>
        </spawn_params>

        <!--
            Generator parameters

            Spawn points are generated around positions given inside <generator_posbubbles> element.
            Around every position is created a rectangle with given dimensions.
            This rectangle is then sampled for spawn point candidates in form of a grid.
        -->
        <generator_params>
            <grid_density>8</grid_density>
            <!-- total width of grid in metres -->
            <grid_width>40.0</grid_width>
            <!-- total height of grid in metres -->
            <grid_height>40.0</grid_height>
            <!--  minimum distance from buildings for valid spawn point -->
            <min_dist_static>0.5</min_dist_static>
            <!--  maximum distance from buildings used to rate valid spawn point -->
            <max_dist_static>2.0</max_dist_static>
            <!-- terrain slope limits for valid spawn point -->
            <min_steepness>-45</min_steepness>
            <max_steepness>45</max_steepness>
        </generator_params>

        <!-- centers for grids of spawn points -->
        <generator_posbubbles>
		        <pos x="14795.9" z="1024.56" />
		        <pos x="14743.7" z="1191.16" />
				<pos x="14522.2" z="1132.08" />
				<pos x="14217.5" z="1215.02" />
				<pos x="14898.5" z="1383.88" />
				<pos x="14873.8" z="1644.8" />
				<pos x="15007.0" z="1733.58" />
				<pos x="15496.8" z="1916.09" />
				<pos x="15312.2" z="1008.96" />
				<pos x="15586.2" z="1164.12" />
				<pos x="14823.3" z="1034.88" />
				<pos x="15586.2" z="1164.12" />
				<pos x="14778.5" z="999.588" />
				<pos x="14760.6" z="1042.28" />
				<pos x="14761" z="1130.07" />
				<pos x="14714.6" z="1125.82" />
				<pos x="14668.9" z="1115.23" />
				<pos x="14641.4" z="1152.44" />
				<pos x="14736.3" z="1188.79" />
				<pos x="14778.5" z="999.588" />
				<pos x="14629.1" z="954.314" />
				<pos x="14588.8" z="979.028" />
				<pos x="14549.3" z="1097.18" />
				<pos x="13436.4" z="689.349" />
				<pos x="15616.2" z="1961.03" />
				<pos x="15603.1" z="1286.57" />
				<pos x="15326.7" z="1144.61" />
				<pos x="15249.7" z="1109.64" />
		                </generator_posbubbles>
    </fresh>

    <!--
        Spawn points settings for server hoppers
    -->
    <hop>
        <generator_posbubbles>
		        <pos x="14795.9" z="1024.56" />
		        <pos x="14743.7" z="1191.16" />
				<pos x="14522.2" z="1132.08" />
				<pos x="14217.5" z="1215.02" />
				<pos x="14898.5" z="1383.88" />
				<pos x="14873.8" z="1644.8" />
				<pos x="15007.0" z="1733.58" />
				<pos x="15496.8" z="1916.09" />
				<pos x="15312.2" z="1008.96" />
				<pos x="15586.2" z="1164.12" />
				<pos x="14823.3" z="1034.88" />
				<pos x="15586.2" z="1164.12" />
				<pos x="14778.5" z="999.588" />
				<pos x="14760.6" z="1042.28" />
				<pos x="14761" z="1130.07" />
				<pos x="14714.6" z="1125.82" />
				<pos x="14668.9" z="1115.23" />
				<pos x="14641.4" z="1152.44" />
				<pos x="14736.3" z="1188.79" />
				<pos x="14778.5" z="999.588" />
				<pos x="14629.1" z="954.314" />
				<pos x="14588.8" z="979.028" />
				<pos x="14549.3" z="1097.18" />
				<pos x="13436.4" z="689.349" />
				<pos x="15616.2" z="1961.03" />
				<pos x="15603.1" z="1286.57" />
				<pos x="15326.7" z="1144.61" />
				<pos x="15249.7" z="1109.64" />
			        </generator_posbubbles>
    </hop>

    <!--
        Spawn points settings for travellers
    -->
    <travel>
        <generator_posbubbles>
		        <pos x="14795.9" z="1024.56" />
		        <pos x="14743.7" z="1191.16" />
				<pos x="14522.2" z="1132.08" />
				<pos x="14217.5" z="1215.02" />
				<pos x="14898.5" z="1383.88" />
				<pos x="14873.8" z="1644.8" />
				<pos x="15007.0" z="1733.58" />
				<pos x="15496.8" z="1916.09" />
				<pos x="15312.2" z="1008.96" />
				<pos x="15586.2" z="1164.12" />
				<pos x="14823.3" z="1034.88" />
				<pos x="15586.2" z="1164.12" />
				<pos x="14778.5" z="999.588" />
				<pos x="14760.6" z="1042.28" />
				<pos x="14761" z="1130.07" />
				<pos x="14714.6" z="1125.82" />
				<pos x="14668.9" z="1115.23" />
				<pos x="14641.4" z="1152.44" />
				<pos x="14736.3" z="1188.79" />
				<pos x="14778.5" z="999.588" />
				<pos x="14629.1" z="954.314" />
				<pos x="14588.8" z="979.028" />
				<pos x="14549.3" z="1097.18" />
				<pos x="13436.4" z="689.349" />
				<pos x="15616.2" z="1961.03" />
				<pos x="15603.1" z="1286.57" />
				<pos x="15326.7" z="1144.61" />
				<pos x="15249.7" z="1109.64" />
			
        </generator_posbubbles>
    </travel>
</playerspawnpoints>