{
    "M_STATIC_MARKER_ARRAY": [
        {
            "M_MARKER_NAME": "Base Building Trader",
            "M_ICON_PATH": "VanillaPPMap\\GUI\\Textures\\CustomMapIcons\\waypointeditor_CA.paa",
            "M_COLOR": [
                76.0,
                153.0,
                0.0
            ],
            "M_POSITION": [
                12537.7,
				200.824,
				2277.51
            ],
            "M_ISACTIVE": 1,
            "M_IS_3D_ACTIVE": 1
        },
        {
            "M_MARKER_NAME": "Tier 2 BM",
            "M_ICON_PATH": "VanillaPPMap\\GUI\\Textures\\CustomMapIcons\\waypointeditor_CA.paa",
            "M_COLOR": [
                0.0,
                76.0,
                153.0
            ],
            "M_POSITION": [
                14552.1,
				197.8,
				11223.3
            ],
            "M_ISACTIVE": 1,
            "M_IS_3D_ACTIVE": 1
        },
		{
            "M_MARKER_NAME": "Tier 4 BM",
            "M_ICON_PATH": "VanillaPPMap\\GUI\\Textures\\CustomMapIcons\\waypointeditor_CA.paa",
            "M_COLOR": [
                255.0,
                255.0,
                255.0
            ],
            "M_POSITION": [
                7802.24,
				200.444,
				12816.6
            ],
            "M_ISACTIVE": 1,
            "M_IS_3D_ACTIVE": 1
        },
        {
            "M_MARKER_NAME": "Boats Trader",
            "M_ICON_PATH": "VanillaPPMap\\GUI\\Textures\\CustomMapIcons\\waypointeditor_CA.paa",
            "M_COLOR": [
                0.0,
                76.0,
                153.0
            ],
            "M_POSITION": [
                12701.8,
				193.384,
				11899.0
            ],
            "M_ISACTIVE": 1,
            "M_IS_3D_ACTIVE": 1
        },
		{
            "M_MARKER_NAME": "Doctor",
            "M_ICON_PATH": "VanillaPPMap\\GUI\\Textures\\CustomMapIcons\\waypointeditor_CA.paa",
            "M_COLOR": [
                0.0,
                76.0,
                153.0
            ],
            "M_POSITION": [
                10883.7,
				206.776,
				7595.22
            ],
            "M_ISACTIVE": 1,
            "M_IS_3D_ACTIVE": 1
        },
        {
            "M_MARKER_NAME": "Flee Market",
            "M_ICON_PATH": "VanillaPPMap\\GUI\\Textures\\CustomMapIcons\\waypointeditor_CA.paa",
            "M_COLOR": [
                76.0,
                153.0,
                0.0
            ],
            "M_POSITION": [
                13726.0,
				202.452,
				3530.01
            ],
            "M_ISACTIVE": 1,
            "M_IS_3D_ACTIVE": 1
        },
		{
            "M_MARKER_NAME": "Hunter",
            "M_ICON_PATH": "VanillaPPMap\\GUI\\Textures\\CustomMapIcons\\waypointeditor_CA.paa",
            "M_COLOR": [
                0.0,
                76.0,
                153.0
            ],
            "M_POSITION": [
                8479.26,
				211.074,
				6567.51
            ],
            "M_ISACTIVE": 1,
            "M_IS_3D_ACTIVE": 1
        },
        {
            "M_MARKER_NAME": "Police Trader",
            "M_ICON_PATH": "VanillaPPMap\\GUI\\Textures\\CustomMapIcons\\waypointeditor_CA.paa",
            "M_COLOR": [
                0.0,
                76.0,
                153.0
            ],
            "M_POSITION": [
                9067.11,
				202.647,
				8940.87
            ],
            "M_ISACTIVE": 1,
            "M_IS_3D_ACTIVE": 1
        },
		{
            "M_MARKER_NAME": "Vehicles Trader",
            "M_ICON_PATH": "VanillaPPMap\\GUI\\Textures\\CustomMapIcons\\waypointeditor_CA.paa",
            "M_COLOR": [
                255.0,
                255.0,
                0.0
            ],
            "M_POSITION": [
                14554.2,
				202.812,
				12913.9
            ],
            "M_ISACTIVE": 1,
            "M_IS_3D_ACTIVE": 1
        }
    ],
    "m_CanUse3DMarkers": 1,
    "m_OwnPositionMarkerDisabled": 0,
    "m_ForceMapItemOnly": 0
}