<?xml version="1.0" encoding="UTF-8" standalone="yes"?>
<events>
    <event name="ItemNodeSpawn">
        <nominal>45</nominal>
        <min>30</min>
        <max>45</max>
        <lifetime>300</lifetime>
        <restock>60</restock>
        <saferadius>5</saferadius>
        <distanceradius>5</distanceradius>
        <cleanupradius>100</cleanupradius>
        <flags deletable="1" init_random="0" remove_damaged="0"/>
        <position>fixed</position>
        <limit>child</limit>
        <active>1</active>
        <children>
            <child lootmax="0" lootmin="0" max="3" min="2" type="FreezeNode_copper"/>
            <child lootmax="0" lootmin="0" max="3" min="2" type="FreezeNode_gold"/>
            <child lootmax="0" lootmin="0" max="3" min="2" type="FreezeNode_iron"/>
            <child lootmax="0" lootmin="0" max="3" min="2" type="FreezeNode_silver"/>
            <child lootmax="0" lootmin="0" max="3" min="2" type="FreezeNode_tin"/>
            <child lootmax="0" lootmin="0" max="3" min="2" type="FreezeNode_stone"/>
            <child lootmax="0" lootmin="0" max="3" min="2" type="FreezeNode_uranium"/>
            <child lootmax="0" lootmin="0" max="3" min="2" type="FreezeNode_AmberGemNode"/>
            <child lootmax="0" lootmin="0" max="3" min="2" type="FreezeNode_AmethystGemNode"/>
            <child lootmax="0" lootmin="0" max="3" min="2" type="FreezeNode_AquamarineGemNode"/>
            <child lootmax="0" lootmin="0" max="3" min="2" type="FreezeNode_FancyColourDiamondGemNode"/>
            <child lootmax="0" lootmin="0" max="3" min="2" type="FreezeNode_IoliteGemNode"/>
            <child lootmax="0" lootmin="0" max="3" min="2" type="FreezeNode_JadeGemNode"/>
            <child lootmax="0" lootmin="0" max="3" min="2" type="FreezeNode_RubyGemNode"/>
            <child lootmax="0" lootmin="0" max="3" min="2" type="FreezeNode_TurquoiseGemNode"/>
        </children>
    </event>
</events>
