<?xml version="1.0" ?>
<types>
<!-- ВЕЩИ \ CLOTHES -->
    <type name="FC_Fish_Bag">
        <nominal>0</nominal>
        <restock>1800</restock>
        <lifetime>28800</lifetime>
        <min>0</min>
        <quantmin>-1</quantmin>
        <quantmax>-1</quantmax>
        <cost>100</cost>
        <flags count_in_hoarder="0" count_in_player="0" count_in_map="1" count_in_cargo="0" crafted="0" deloot="0"/>
        <category name="containers"/>
        <usage name="Hunting"/>
		<value name="Tier1"/>
        <value name="Tier2"/>
        <value name="Tier3"/>
        <value name="Tier4"/>
    </type>
    <type name="FC_Fish_Hat_Base">
        <nominal>0</nominal>
        <restock>1800</restock>
        <lifetime>28800</lifetime>
        <min>0</min>
        <quantmin>-1</quantmin>
        <quantmax>-1</quantmax>
        <cost>100</cost>
        <flags count_in_hoarder="0" count_in_player="0" count_in_map="1" count_in_cargo="0" crafted="0" deloot="0"/>
        <category name="containers"/>
        <usage name="Hunting"/>
		<value name="Tier1"/>
        <value name="Tier2"/>
        <value name="Tier3"/>
        <value name="Tier4"/>
    </type>	
<!-- КОНТЕЙНЕРЫ \ CONTAINERS -->
    <type name="FC_Fish_Lure_Case">
        <nominal>2</nominal>
        <restock>1800</restock>
        <lifetime>28800</lifetime>
        <min>1</min>
        <quantmin>-1</quantmin>
        <quantmax>-1</quantmax>
        <cost>100</cost>
        <flags count_in_hoarder="0" count_in_player="0" count_in_map="1" count_in_cargo="0" crafted="0" deloot="0"/>
        <category name="containers"/>
        <usage name="Hunting"/>
		<value name="Tier1"/>
        <value name="Tier2"/>
        <value name="Tier3"/>
        <value name="Tier4"/>
    </type>
    <type name="FC_Fish_Lure_Case_All">
        <nominal>0</nominal>
        <restock>1800</restock>
        <lifetime>28800</lifetime>
        <min>0</min>
        <quantmin>-1</quantmin>
        <quantmax>-1</quantmax>
        <cost>100</cost>
        <flags count_in_hoarder="0" count_in_player="0" count_in_map="1" count_in_cargo="0" crafted="0" deloot="0"/>
        <category name="containers"/>
        <usage name="Hunting"/>
		<value name="Tier1"/>
        <value name="Tier2"/>
        <value name="Tier3"/>
        <value name="Tier4"/>
    </type>
    <type name="FC_Fish_Lure_Can">
        <nominal>4</nominal>
        <restock>1800</restock>
        <lifetime>28800</lifetime>
        <min>2</min>
        <quantmin>-1</quantmin>
        <quantmax>-1</quantmax>
        <cost>100</cost>
        <flags count_in_hoarder="0" count_in_player="0" count_in_map="1" count_in_cargo="0" crafted="0" deloot="0"/>
        <category name="containers"/>
		<usage name="Coast"/>
        <usage name="Hunting"/>
		<value name="Tier1"/>
        <value name="Tier2"/>
        <value name="Tier3"/>
        <value name="Tier4"/>
    </type>
    <type name="FC_Fish_Cooler_50">
        <nominal>0</nominal>
        <restock>1800</restock>
        <lifetime>28800</lifetime>
        <min>0</min>
        <quantmin>-1</quantmin>
        <quantmax>-1</quantmax>
        <cost>100</cost>
        <flags count_in_hoarder="0" count_in_player="0" count_in_map="1" count_in_cargo="0" crafted="0" deloot="0"/>
        <category name="containers"/>
		<usage name="Coast"/>
        <usage name="Hunting"/>
		<value name="Tier1"/>
        <value name="Tier2"/>
        <value name="Tier3"/>
        <value name="Tier4"/>
    </type>
    <type name="FC_Fish_Cooler_100">
        <nominal>0</nominal>
        <restock>1800</restock>
        <lifetime>28800</lifetime>
        <min>0</min>
        <quantmin>-1</quantmin>
        <quantmax>-1</quantmax>
        <cost>100</cost>
        <flags count_in_hoarder="0" count_in_player="0" count_in_map="1" count_in_cargo="0" crafted="0" deloot="0"/>
        <category name="containers"/>
		<usage name="Coast"/>
        <usage name="Hunting"/>
		<value name="Tier1"/>
        <value name="Tier2"/>
        <value name="Tier3"/>
        <value name="Tier4"/>
    </type>
    <type name="FC_Fish_Cooler_300">
        <nominal>0</nominal>
        <restock>1800</restock>
        <lifetime>28800</lifetime>
        <min>0</min>
        <quantmin>-1</quantmin>
        <quantmax>-1</quantmax>
        <cost>100</cost>
        <flags count_in_hoarder="0" count_in_player="0" count_in_map="1" count_in_cargo="0" crafted="0" deloot="0"/>
        <category name="containers"/>
		<usage name="Coast"/>
        <usage name="Hunting"/>
		<value name="Tier1"/>
        <value name="Tier2"/>
        <value name="Tier3"/>
        <value name="Tier4"/>
    </type>
<!-- БЛЁСНА \ LURES -->
    <type name="FC_Fish_Lure_1_1">
        <nominal>1</nominal>
        <restock>1800</restock>
        <lifetime>28800</lifetime>
        <min>0</min>
        <quantmin>-1</quantmin>
        <quantmax>-1</quantmax>
        <cost>100</cost>
        <flags count_in_hoarder="0" count_in_player="0" count_in_map="1" count_in_cargo="0" crafted="0" deloot="0"/>
        <category name="tools"/>
        <usage name="Coast"/>
		<value name="Tier1"/>
        <value name="Tier2"/>
        <value name="Tier3"/>
        <value name="Tier4"/>
    </type>
    <type name="FC_Fish_Lure_1_2">
        <nominal>1</nominal>
        <restock>1800</restock>
        <lifetime>28800</lifetime>
        <min>0</min>
        <quantmin>-1</quantmin>
        <quantmax>-1</quantmax>
        <cost>100</cost>
        <flags count_in_hoarder="0" count_in_player="0" count_in_map="1" count_in_cargo="0" crafted="0" deloot="0"/>
        <category name="tools"/>
        <usage name="Coast"/>
		<value name="Tier1"/>
        <value name="Tier2"/>
        <value name="Tier3"/>
        <value name="Tier4"/>
    </type>
    <type name="FC_Fish_Lure_1_3">
        <nominal>1</nominal>
        <restock>1800</restock>
        <lifetime>28800</lifetime>
        <min>0</min>
        <quantmin>-1</quantmin>
        <quantmax>-1</quantmax>
        <cost>100</cost>
        <flags count_in_hoarder="0" count_in_player="0" count_in_map="1" count_in_cargo="0" crafted="0" deloot="0"/>
        <category name="tools"/>
        <usage name="Coast"/>
		<value name="Tier1"/>
        <value name="Tier2"/>
        <value name="Tier3"/>
        <value name="Tier4"/>
    </type>
    <type name="FC_Fish_Lure_1_4">
        <nominal>1</nominal>
        <restock>1800</restock>
        <lifetime>28800</lifetime>
        <min>0</min>
        <quantmin>-1</quantmin>
        <quantmax>-1</quantmax>
        <cost>100</cost>
        <flags count_in_hoarder="0" count_in_player="0" count_in_map="1" count_in_cargo="0" crafted="0" deloot="0"/>
        <category name="tools"/>
        <usage name="Coast"/>
		<value name="Tier1"/>
        <value name="Tier2"/>
        <value name="Tier3"/>
        <value name="Tier4"/>
    </type>
    <type name="FC_Fish_Lure_1_5">
        <nominal>1</nominal>
        <restock>1800</restock>
        <lifetime>28800</lifetime>
        <min>0</min>
        <quantmin>-1</quantmin>
        <quantmax>-1</quantmax>
        <cost>100</cost>
        <flags count_in_hoarder="0" count_in_player="0" count_in_map="1" count_in_cargo="0" crafted="0" deloot="0"/>
        <category name="tools"/>
        <usage name="Coast"/>
		<value name="Tier1"/>
        <value name="Tier2"/>
        <value name="Tier3"/>
        <value name="Tier4"/>
    </type>
    <type name="FC_Fish_Lure_1_6">
        <nominal>1</nominal>
        <restock>1800</restock>
        <lifetime>28800</lifetime>
        <min>0</min>
        <quantmin>-1</quantmin>
        <quantmax>-1</quantmax>
        <cost>100</cost>
        <flags count_in_hoarder="0" count_in_player="0" count_in_map="1" count_in_cargo="0" crafted="0" deloot="0"/>
        <category name="tools"/>
        <usage name="Coast"/>
		<value name="Tier1"/>
        <value name="Tier2"/>
        <value name="Tier3"/>
        <value name="Tier4"/>
    </type>
	
    <type name="FC_Fish_Lure_2_1">
        <nominal>2</nominal>
        <restock>1800</restock>
        <lifetime>28800</lifetime>
        <min>1</min>
        <quantmin>-1</quantmin>
        <quantmax>-1</quantmax>
        <cost>100</cost>
        <flags count_in_hoarder="0" count_in_player="0" count_in_map="1" count_in_cargo="0" crafted="0" deloot="0"/>
        <category name="tools"/>
        <usage name="Coast"/>
		<value name="Tier1"/>
        <value name="Tier2"/>
        <value name="Tier3"/>
        <value name="Tier4"/>
    </type>
    <type name="FC_Fish_Lure_2_2">
        <nominal>2</nominal>
        <restock>1800</restock>
        <lifetime>28800</lifetime>
        <min>1</min>
        <quantmin>-1</quantmin>
        <quantmax>-1</quantmax>
        <cost>100</cost>
        <flags count_in_hoarder="0" count_in_player="0" count_in_map="1" count_in_cargo="0" crafted="0" deloot="0"/>
        <category name="tools"/>
        <usage name="Coast"/>
		<value name="Tier1"/>
        <value name="Tier2"/>
        <value name="Tier3"/>
        <value name="Tier4"/>
    </type>
    <type name="FC_Fish_Lure_2_3">
        <nominal>2</nominal>
        <restock>1800</restock>
        <lifetime>28800</lifetime>
        <min>1</min>
        <quantmin>-1</quantmin>
        <quantmax>-1</quantmax>
        <cost>100</cost>
        <flags count_in_hoarder="0" count_in_player="0" count_in_map="1" count_in_cargo="0" crafted="0" deloot="0"/>
        <category name="tools"/>
        <usage name="Coast"/>
		<value name="Tier1"/>
        <value name="Tier2"/>
        <value name="Tier3"/>
        <value name="Tier4"/>
    </type>	
    <type name="FC_Fish_Lure_3_1">
        <nominal>2</nominal>
        <restock>1800</restock>
        <lifetime>28800</lifetime>
        <min>1</min>
        <quantmin>-1</quantmin>
        <quantmax>-1</quantmax>
        <cost>100</cost>
        <flags count_in_hoarder="0" count_in_player="0" count_in_map="1" count_in_cargo="0" crafted="0" deloot="0"/>
        <category name="tools"/>
        <usage name="Coast"/>
		<value name="Tier1"/>
        <value name="Tier2"/>
        <value name="Tier3"/>
        <value name="Tier4"/>
    </type>
    <type name="FC_Fish_Lure_4_1">
        <nominal>2</nominal>
        <restock>1800</restock>
        <lifetime>28800</lifetime>
        <min>1</min>
        <quantmin>-1</quantmin>
        <quantmax>-1</quantmax>
        <cost>100</cost>
        <flags count_in_hoarder="0" count_in_player="0" count_in_map="1" count_in_cargo="0" crafted="0" deloot="0"/>
        <category name="tools"/>
        <usage name="Coast"/>
		<value name="Tier1"/>
        <value name="Tier2"/>
        <value name="Tier3"/>
        <value name="Tier4"/>
    </type>
    <type name="FC_Fish_Lure_5_1">
        <nominal>2</nominal>
        <restock>1800</restock>
        <lifetime>28800</lifetime>
        <min>1</min>
        <quantmin>-1</quantmin>
        <quantmax>-1</quantmax>
        <cost>100</cost>
        <flags count_in_hoarder="0" count_in_player="0" count_in_map="1" count_in_cargo="0" crafted="0" deloot="0"/>
        <category name="tools"/>
        <usage name="Coast"/>
		<value name="Tier1"/>
        <value name="Tier2"/>
        <value name="Tier3"/>
        <value name="Tier4"/>
    </type>	
    <type name="FC_Fish_Lure_6_1">
        <nominal>0</nominal>
        <restock>1800</restock>
        <lifetime>28800</lifetime>
        <min>0</min>
        <quantmin>-1</quantmin>
        <quantmax>-1</quantmax>
        <cost>100</cost>
        <flags count_in_hoarder="0" count_in_player="0" count_in_map="1" count_in_cargo="0" crafted="0" deloot="0"/>
        <category name="tools"/>
        <usage name="Coast"/>
		<value name="Tier1"/>
        <value name="Tier2"/>
        <value name="Tier3"/>
        <value name="Tier4"/>
    </type>	
<!-- КРЮЧКИ \ HOOKS -->
    <type name="FC_Fish_Hook_Blue">
        <nominal>0</nominal>
        <restock>1800</restock>
        <lifetime>28800</lifetime>
        <min>0</min>
        <quantmin>-1</quantmin>
        <quantmax>-1</quantmax>
        <cost>100</cost>
        <flags count_in_hoarder="0" count_in_player="0" count_in_map="1" count_in_cargo="0" crafted="0" deloot="0"/>
        <category name="tools"/>
        <usage name="Coast"/>
		<value name="Tier1"/>
        <value name="Tier2"/>
        <value name="Tier3"/>
        <value name="Tier4"/>
    </type>
    <type name="FC_Fish_Hook_Green">
        <nominal>0</nominal>
        <restock>1800</restock>
        <lifetime>28800</lifetime>
        <min>0</min>
        <quantmin>-1</quantmin>
        <quantmax>-1</quantmax>
        <cost>100</cost>
        <flags count_in_hoarder="0" count_in_player="0" count_in_map="1" count_in_cargo="0" crafted="0" deloot="0"/>
        <category name="tools"/>
        <usage name="Coast"/>
		<value name="Tier1"/>
        <value name="Tier2"/>
        <value name="Tier3"/>
        <value name="Tier4"/>
    </type>
    <type name="FC_Fish_Hook_Yellow">
        <nominal>0</nominal>
        <restock>1800</restock>
        <lifetime>28800</lifetime>
        <min>0</min>
        <quantmin>-1</quantmin>
        <quantmax>-1</quantmax>
        <cost>100</cost>
        <flags count_in_hoarder="0" count_in_player="0" count_in_map="1" count_in_cargo="0" crafted="0" deloot="0"/>
        <category name="tools"/>
        <usage name="Coast"/>
		<value name="Tier1"/>
        <value name="Tier2"/>
        <value name="Tier3"/>
        <value name="Tier4"/>
    </type>
    <type name="FC_Fish_Hook_Red">
        <nominal>0</nominal>
        <restock>1800</restock>
        <lifetime>28800</lifetime>
        <min>0</min>
        <quantmin>-1</quantmin>
        <quantmax>-1</quantmax>
        <cost>100</cost>
        <flags count_in_hoarder="0" count_in_player="0" count_in_map="1" count_in_cargo="0" crafted="0" deloot="0"/>
        <category name="tools"/>
        <usage name="Coast"/>
		<value name="Tier1"/>
        <value name="Tier2"/>
        <value name="Tier3"/>
        <value name="Tier4"/>
    </type>
    <type name="FC_Fish_Bait_Blue">
        <nominal>0</nominal>
        <restock>1800</restock>
        <lifetime>28800</lifetime>
        <min>0</min>
        <quantmin>-1</quantmin>
        <quantmax>-1</quantmax>
        <cost>100</cost>
        <flags count_in_hoarder="0" count_in_player="0" count_in_map="1" count_in_cargo="0" crafted="0" deloot="0"/>
        <category name="tools"/>
        <usage name="Coast"/>
		<value name="Tier1"/>
        <value name="Tier2"/>
        <value name="Tier3"/>
        <value name="Tier4"/>
    </type>
    <type name="FC_Fish_Bait_Green">
        <nominal>0</nominal>
        <restock>1800</restock>
        <lifetime>28800</lifetime>
        <min>0</min>
        <quantmin>-1</quantmin>
        <quantmax>-1</quantmax>
        <cost>100</cost>
        <flags count_in_hoarder="0" count_in_player="0" count_in_map="1" count_in_cargo="0" crafted="0" deloot="0"/>
        <category name="tools"/>
        <usage name="Coast"/>
		<value name="Tier1"/>
        <value name="Tier2"/>
        <value name="Tier3"/>
        <value name="Tier4"/>
    </type>
    <type name="FC_Fish_Bait_Yellow">
        <nominal>0</nominal>
        <restock>1800</restock>
        <lifetime>28800</lifetime>
        <min>0</min>
        <quantmin>-1</quantmin>
        <quantmax>-1</quantmax>
        <cost>100</cost>
        <flags count_in_hoarder="0" count_in_player="0" count_in_map="1" count_in_cargo="0" crafted="0" deloot="0"/>
        <category name="tools"/>
        <usage name="Coast"/>
		<value name="Tier1"/>
        <value name="Tier2"/>
        <value name="Tier3"/>
        <value name="Tier4"/>
    </type>
    <type name="FC_Fish_Bait_Red">
        <nominal>0</nominal>
        <restock>1800</restock>
        <lifetime>28800</lifetime>
        <min>0</min>
        <quantmin>-1</quantmin>
        <quantmax>-1</quantmax>
        <cost>100</cost>
        <flags count_in_hoarder="0" count_in_player="0" count_in_map="1" count_in_cargo="0" crafted="0" deloot="0"/>
        <category name="tools"/>
        <usage name="Coast"/>
		<value name="Tier1"/>
        <value name="Tier2"/>
        <value name="Tier3"/>
        <value name="Tier4"/>
    </type>
<!-- ПАЛАТКИ / TENTS -->
    <type name="FC_Fish_Tent_Bag_Green">
        <nominal>0</nominal>
        <restock>1800</restock>
        <lifetime>28800</lifetime>
        <min>0</min>
        <quantmin>-1</quantmin>
        <quantmax>-1</quantmax>
        <cost>100</cost>
        <flags count_in_hoarder="0" count_in_player="0" count_in_map="1" count_in_cargo="0" crafted="0" deloot="0"/>
        <category name="tools"/>
        <usage name="Coast"/>
		<value name="Tier1"/>
        <value name="Tier2"/>
        <value name="Tier3"/>
        <value name="Tier4"/>
    </type>
    <type name="FC_Fish_Tent_Bag_Blue">
        <nominal>0</nominal>
        <restock>1800</restock>
        <lifetime>28800</lifetime>
        <min>0</min>
        <quantmin>-1</quantmin>
        <quantmax>-1</quantmax>
        <cost>100</cost>
        <flags count_in_hoarder="0" count_in_player="0" count_in_map="1" count_in_cargo="0" crafted="0" deloot="0"/>
        <category name="tools"/>
        <usage name="Coast"/>
		<value name="Tier1"/>
        <value name="Tier2"/>
        <value name="Tier3"/>
        <value name="Tier4"/>
    </type>
    <type name="FC_Fish_Tent_Green">
        <lifetime>388000</lifetime>
        <flags count_in_hoarder="0" count_in_player="0" count_in_map="1" count_in_cargo="0" crafted="0" deloot="0"/>
    </type>
    <type name="FC_Fish_Tent_Blue">
        <lifetime>388000</lifetime>
        <flags count_in_hoarder="0" count_in_player="0" count_in_map="1" count_in_cargo="0" crafted="0" deloot="0"/>
    </type>
<!-- РЫБА / FISH -->
    <type name="FC_Fish_Anchous">
        <lifetime>28800</lifetime>
        <flags count_in_hoarder="0" count_in_player="0" count_in_map="1" count_in_cargo="0" crafted="0" deloot="0"/>
    </type>
    <type name="FC_Fish_Angel">
        <lifetime>28800</lifetime>
        <flags count_in_hoarder="0" count_in_player="0" count_in_map="1" count_in_cargo="0" crafted="0" deloot="0"/>
    </type>
    <type name="FC_Fish_Angelfish">
        <lifetime>28800</lifetime>
        <flags count_in_hoarder="0" count_in_player="0" count_in_map="1" count_in_cargo="0" crafted="0" deloot="0"/>
    </type>
    <type name="FC_Fish_Barracuda">
        <lifetime>28800</lifetime>
        <flags count_in_hoarder="0" count_in_player="0" count_in_map="1" count_in_cargo="0" crafted="0" deloot="0"/>
    </type>
    <type name="FC_Fish_Blow">
        <lifetime>28800</lifetime>
        <flags count_in_hoarder="0" count_in_player="0" count_in_map="1" count_in_cargo="0" crafted="0" deloot="0"/>
    </type>
    <type name="FC_Fish_Bocachico">
        <lifetime>28800</lifetime>
        <flags count_in_hoarder="0" count_in_player="0" count_in_map="1" count_in_cargo="0" crafted="0" deloot="0"/>
    </type>
    <type name="FC_Fish_Butterfly">
        <lifetime>28800</lifetime>
        <flags count_in_hoarder="0" count_in_player="0" count_in_map="1" count_in_cargo="0" crafted="0" deloot="0"/>
    </type>
    <type name="FC_Fish_Carp">
        <lifetime>28800</lifetime>
        <flags count_in_hoarder="0" count_in_player="0" count_in_map="1" count_in_cargo="0" crafted="0" deloot="0"/>
    </type>
    <type name="FC_Fish_Catfish">
        <lifetime>28800</lifetime>
        <flags count_in_hoarder="0" count_in_player="0" count_in_map="1" count_in_cargo="0" crafted="0" deloot="0"/>
    </type>
    <type name="FC_Fish_Clown">
        <lifetime>28800</lifetime>
        <flags count_in_hoarder="0" count_in_player="0" count_in_map="1" count_in_cargo="0" crafted="0" deloot="0"/>
    </type>
    <type name="FC_Fish_Demon">
        <lifetime>28800</lifetime>
        <flags count_in_hoarder="0" count_in_player="0" count_in_map="1" count_in_cargo="0" crafted="0" deloot="0"/>
    </type>
    <type name="FC_Fish_Forel">
        <lifetime>28800</lifetime>
        <flags count_in_hoarder="0" count_in_player="0" count_in_map="1" count_in_cargo="0" crafted="0" deloot="0"/>
    </type>
    <type name="FC_Fish_Mojarra">
        <lifetime>28800</lifetime>
        <flags count_in_hoarder="0" count_in_player="0" count_in_map="1" count_in_cargo="0" crafted="0" deloot="0"/>
    </type>
    <type name="FC_Fish_Pearlscale">
        <lifetime>28800</lifetime>
        <flags count_in_hoarder="0" count_in_player="0" count_in_map="1" count_in_cargo="0" crafted="0" deloot="0"/>
    </type>
    <type name="FC_Fish_Pirahna">
        <lifetime>28800</lifetime>
        <flags count_in_hoarder="0" count_in_player="0" count_in_map="1" count_in_cargo="0" crafted="0" deloot="0"/>
    </type>
    <type name="FC_Fish_Plecostomus">
        <lifetime>28800</lifetime>
        <flags count_in_hoarder="0" count_in_player="0" count_in_map="1" count_in_cargo="0" crafted="0" deloot="0"/>
    </type>
    <type name="FC_Fish_Scalar">
        <lifetime>28800</lifetime>
        <flags count_in_hoarder="0" count_in_player="0" count_in_map="1" count_in_cargo="0" crafted="0" deloot="0"/>
    </type>
    <type name="FC_Fish_Snapper">
        <lifetime>28800</lifetime>
        <flags count_in_hoarder="0" count_in_player="0" count_in_map="1" count_in_cargo="0" crafted="0" deloot="0"/>
    </type>
    <type name="FC_Fish_Sunfish">
        <lifetime>28800</lifetime>
        <flags count_in_hoarder="0" count_in_player="0" count_in_map="1" count_in_cargo="0" crafted="0" deloot="0"/>
    </type>
    <type name="FC_Fish_Sword">
        <lifetime>28800</lifetime>
        <flags count_in_hoarder="0" count_in_player="0" count_in_map="1" count_in_cargo="0" crafted="0" deloot="0"/>
    </type>
    <type name="FC_Fish_Other_Cucumber">
        <lifetime>28800</lifetime>
        <flags count_in_hoarder="0" count_in_player="0" count_in_map="1" count_in_cargo="0" crafted="0" deloot="0"/>
    </type>
    <type name="FC_Fish_Other_Krill">
        <lifetime>28800</lifetime>
        <flags count_in_hoarder="0" count_in_player="0" count_in_map="1" count_in_cargo="0" crafted="0" deloot="0"/>
    </type>
    <type name="FC_Fish_Other_Seastar">
        <lifetime>28800</lifetime>
        <flags count_in_hoarder="0" count_in_player="0" count_in_map="1" count_in_cargo="0" crafted="0" deloot="0"/>
    </type>
    <type name="FC_Fish_Other_Shell1">
        <lifetime>28800</lifetime>
        <flags count_in_hoarder="0" count_in_player="0" count_in_map="1" count_in_cargo="0" crafted="0" deloot="0"/>
    </type>
    <type name="FC_Fish_Other_Shell2">
        <lifetime>28800</lifetime>
        <flags count_in_hoarder="0" count_in_player="0" count_in_map="1" count_in_cargo="0" crafted="0" deloot="0"/>
    </type>
    <type name="FC_Fish_Other_Shell3">
        <lifetime>28800</lifetime>
        <flags count_in_hoarder="0" count_in_player="0" count_in_map="1" count_in_cargo="0" crafted="0" deloot="0"/>
    </type>
    <type name="FC_Fish_Other_Skeleton">
        <lifetime>28800</lifetime>
        <flags count_in_hoarder="0" count_in_player="0" count_in_map="1" count_in_cargo="0" crafted="0" deloot="0"/>
    </type>
    <type name="FC_Fish_Stigray">
        <lifetime>28800</lifetime>
        <flags count_in_hoarder="0" count_in_player="0" count_in_map="1" count_in_cargo="0" crafted="0" deloot="0"/>
    </type>
    <type name="FC_Fish_Shark_Corrupted">
        <lifetime>28800</lifetime>
        <flags count_in_hoarder="0" count_in_player="0" count_in_map="1" count_in_cargo="0" crafted="0" deloot="0"/>
    </type>
    <type name="FC_Fish_Shark_Hammer">
        <lifetime>28800</lifetime>
        <flags count_in_hoarder="0" count_in_player="0" count_in_map="1" count_in_cargo="0" crafted="0" deloot="0"/>
    </type>
    <type name="FC_Fish_Shark_Saw">
        <lifetime>28800</lifetime>
        <flags count_in_hoarder="0" count_in_player="0" count_in_map="1" count_in_cargo="0" crafted="0" deloot="0"/>
    </type>
    <type name="FC_Fish_Shark_Whale">
        <lifetime>28800</lifetime>
        <flags count_in_hoarder="0" count_in_player="0" count_in_map="1" count_in_cargo="0" crafted="0" deloot="0"/>
    </type>
    <type name="FC_Fish_Shark_White">
        <lifetime>28800</lifetime>
        <flags count_in_hoarder="0" count_in_player="0" count_in_map="1" count_in_cargo="0" crafted="0" deloot="0"/>
    </type>
<!-- МЯСО / MEAT -->
    <type name="FC_Fish_Fillet_Carp">
        <lifetime>28800</lifetime>
        <flags count_in_hoarder="0" count_in_player="0" count_in_map="1" count_in_cargo="0" crafted="0" deloot="0"/>
    </type>
    <type name="FC_Fish_Fillet_Demon">
        <lifetime>28800</lifetime>
        <flags count_in_hoarder="0" count_in_player="0" count_in_map="1" count_in_cargo="0" crafted="0" deloot="0"/>
    </type>
    <type name="FC_Fish_Fillet_Mojarra">
        <lifetime>28800</lifetime>
        <flags count_in_hoarder="0" count_in_player="0" count_in_map="1" count_in_cargo="0" crafted="0" deloot="0"/>
    </type>
    <type name="FC_Fish_Fillet_Snapper">
        <lifetime>28800</lifetime>
        <flags count_in_hoarder="0" count_in_player="0" count_in_map="1" count_in_cargo="0" crafted="0" deloot="0"/>
    </type>
    <type name="FC_Fish_Fillet_Angel">
        <lifetime>28800</lifetime>
        <flags count_in_hoarder="0" count_in_player="0" count_in_map="1" count_in_cargo="0" crafted="0" deloot="0"/>
    </type>
    <type name="FC_Fish_Fillet_Butterfly">
        <lifetime>28800</lifetime>
        <flags count_in_hoarder="0" count_in_player="0" count_in_map="1" count_in_cargo="0" crafted="0" deloot="0"/>
    </type>
    <type name="FC_Fish_Fillet_Pirahna">
        <lifetime>28800</lifetime>
        <flags count_in_hoarder="0" count_in_player="0" count_in_map="1" count_in_cargo="0" crafted="0" deloot="0"/>
    </type>
    <type name="FC_Fish_Fillet_Scalar">
        <lifetime>28800</lifetime>
        <flags count_in_hoarder="0" count_in_player="0" count_in_map="1" count_in_cargo="0" crafted="0" deloot="0"/>
    </type>
    <type name="FC_Fish_Fillet_Anchous">
        <lifetime>28800</lifetime>
        <flags count_in_hoarder="0" count_in_player="0" count_in_map="1" count_in_cargo="0" crafted="0" deloot="0"/>
    </type>
    <type name="FC_Fish_Fillet_Clown">
        <lifetime>28800</lifetime>
        <flags count_in_hoarder="0" count_in_player="0" count_in_map="1" count_in_cargo="0" crafted="0" deloot="0"/>
    </type>
    <type name="FC_Fish_Piece_Shark">
        <lifetime>28800</lifetime>
        <flags count_in_hoarder="0" count_in_player="0" count_in_map="1" count_in_cargo="0" crafted="0" deloot="0"/>
    </type>
    <type name="FC_Fish_Piece_Angelfish">
        <lifetime>28800</lifetime>
        <flags count_in_hoarder="0" count_in_player="0" count_in_map="1" count_in_cargo="0" crafted="0" deloot="0"/>
    </type>
    <type name="FC_Fish_Piece_Blow">
        <lifetime>28800</lifetime>
        <flags count_in_hoarder="0" count_in_player="0" count_in_map="1" count_in_cargo="0" crafted="0" deloot="0"/>
    </type>
    <type name="FC_Fish_Piece_Pearlscale">
        <lifetime>28800</lifetime>
        <flags count_in_hoarder="0" count_in_player="0" count_in_map="1" count_in_cargo="0" crafted="0" deloot="0"/>
    </type>
    <type name="FC_Fish_Piece_Plecostomus">
        <lifetime>28800</lifetime>
        <flags count_in_hoarder="0" count_in_player="0" count_in_map="1" count_in_cargo="0" crafted="0" deloot="0"/>
    </type>
    <type name="FC_Fish_Piece_Sunfish">
        <lifetime>28800</lifetime>
        <flags count_in_hoarder="0" count_in_player="0" count_in_map="1" count_in_cargo="0" crafted="0" deloot="0"/>
    </type>
    <type name="FC_Fish_Piece_Corrupted">
        <lifetime>28800</lifetime>
        <flags count_in_hoarder="0" count_in_player="0" count_in_map="1" count_in_cargo="0" crafted="0" deloot="0"/>
    </type>
    <type name="FC_Fish_Piece_Stigray">
        <lifetime>28800</lifetime>
        <flags count_in_hoarder="0" count_in_player="0" count_in_map="1" count_in_cargo="0" crafted="0" deloot="0"/>
    </type>
    <type name="FC_Fish_Steak_Barracuda">
        <lifetime>28800</lifetime>
        <flags count_in_hoarder="0" count_in_player="0" count_in_map="1" count_in_cargo="0" crafted="0" deloot="0"/>
    </type>
    <type name="FC_Fish_Steak_Bocachico">
        <lifetime>28800</lifetime>
        <flags count_in_hoarder="0" count_in_player="0" count_in_map="1" count_in_cargo="0" crafted="0" deloot="0"/>
    </type>
    <type name="FC_Fish_Steak_Catfish">
        <lifetime>28800</lifetime>
        <flags count_in_hoarder="0" count_in_player="0" count_in_map="1" count_in_cargo="0" crafted="0" deloot="0"/>
    </type>
    <type name="FC_Fish_Steak_Forel">
        <lifetime>28800</lifetime>
        <flags count_in_hoarder="0" count_in_player="0" count_in_map="1" count_in_cargo="0" crafted="0" deloot="0"/>
    </type>
    <type name="FC_Fish_Steak_Sword">
        <lifetime>28800</lifetime>
        <flags count_in_hoarder="0" count_in_player="0" count_in_map="1" count_in_cargo="0" crafted="0" deloot="0"/>
    </type>	
<!-- ТРОФЕИ / TROPHY -->
    <type name="FC_Fish_Trophy_S_Empty">
        <lifetime>388000</lifetime>
        <flags count_in_hoarder="0" count_in_player="0" count_in_map="1" count_in_cargo="0" crafted="0" deloot="0"/>
    </type>
    <type name="FC_Fish_Trophy_S_Anchous">
        <lifetime>388000</lifetime>
        <flags count_in_hoarder="0" count_in_player="0" count_in_map="1" count_in_cargo="0" crafted="0" deloot="0"/>
    </type>
    <type name="FC_Fish_Trophy_S_Angel">
        <lifetime>388000</lifetime>
        <flags count_in_hoarder="0" count_in_player="0" count_in_map="1" count_in_cargo="0" crafted="0" deloot="0"/>
    </type>
    <type name="FC_Fish_Trophy_S_Butterfly">
        <lifetime>388000</lifetime>
        <flags count_in_hoarder="0" count_in_player="0" count_in_map="1" count_in_cargo="0" crafted="0" deloot="0"/>
    </type>
    <type name="FC_Fish_Trophy_S_Clown">
        <lifetime>388000</lifetime>
        <flags count_in_hoarder="0" count_in_player="0" count_in_map="1" count_in_cargo="0" crafted="0" deloot="0"/>
    </type>
    <type name="FC_Fish_Trophy_S_Pirahna">
        <lifetime>388000</lifetime>
        <flags count_in_hoarder="0" count_in_player="0" count_in_map="1" count_in_cargo="0" crafted="0" deloot="0"/>
    </type>
    <type name="FC_Fish_Trophy_S_Scalar">
        <lifetime>388000</lifetime>
        <flags count_in_hoarder="0" count_in_player="0" count_in_map="1" count_in_cargo="0" crafted="0" deloot="0"/>
    </type>
    <type name="FC_Fish_Trophy_S_Sunfish">
        <lifetime>388000</lifetime>
        <flags count_in_hoarder="0" count_in_player="0" count_in_map="1" count_in_cargo="0" crafted="0" deloot="0"/>
    </type>
    <type name="FC_Fish_Trophy_M_Empty">
        <lifetime>388000</lifetime>
        <flags count_in_hoarder="0" count_in_player="0" count_in_map="1" count_in_cargo="0" crafted="0" deloot="0"/>
    </type>
    <type name="FC_Fish_Trophy_M_Blow">
        <lifetime>388000</lifetime>
        <flags count_in_hoarder="0" count_in_player="0" count_in_map="1" count_in_cargo="0" crafted="0" deloot="0"/>
    </type>
    <type name="FC_Fish_Trophy_M_Bocachico">
        <lifetime>388000</lifetime>
        <flags count_in_hoarder="0" count_in_player="0" count_in_map="1" count_in_cargo="0" crafted="0" deloot="0"/>
    </type>
    <type name="FC_Fish_Trophy_M_Carp">
        <lifetime>388000</lifetime>
        <flags count_in_hoarder="0" count_in_player="0" count_in_map="1" count_in_cargo="0" crafted="0" deloot="0"/>
    </type>
    <type name="FC_Fish_Trophy_M_Demon">
        <lifetime>388000</lifetime>
        <flags count_in_hoarder="0" count_in_player="0" count_in_map="1" count_in_cargo="0" crafted="0" deloot="0"/>
    </type>
    <type name="FC_Fish_Trophy_M_Mojarra">
        <lifetime>388000</lifetime>
        <flags count_in_hoarder="0" count_in_player="0" count_in_map="1" count_in_cargo="0" crafted="0" deloot="0"/>
    </type>
    <type name="FC_Fish_Trophy_M_Pearlscale">
        <lifetime>388000</lifetime>
        <flags count_in_hoarder="0" count_in_player="0" count_in_map="1" count_in_cargo="0" crafted="0" deloot="0"/>
    </type>
    <type name="FC_Fish_Trophy_M_Snapper">
        <lifetime>388000</lifetime>
        <flags count_in_hoarder="0" count_in_player="0" count_in_map="1" count_in_cargo="0" crafted="0" deloot="0"/>
    </type>
    <type name="FC_Fish_Trophy_L_Empty">
        <lifetime>388000</lifetime>
        <flags count_in_hoarder="0" count_in_player="0" count_in_map="1" count_in_cargo="0" crafted="0" deloot="0"/>
    </type>
    <type name="FC_Fish_Trophy_L_Angelfish">
        <lifetime>388000</lifetime>
        <flags count_in_hoarder="0" count_in_player="0" count_in_map="1" count_in_cargo="0" crafted="0" deloot="0"/>
    </type>
    <type name="FC_Fish_Trophy_L_Barracuda">
        <lifetime>388000</lifetime>
        <flags count_in_hoarder="0" count_in_player="0" count_in_map="1" count_in_cargo="0" crafted="0" deloot="0"/>
    </type>
    <type name="FC_Fish_Trophy_L_Catfish">
        <lifetime>388000</lifetime>
        <flags count_in_hoarder="0" count_in_player="0" count_in_map="1" count_in_cargo="0" crafted="0" deloot="0"/>
    </type>
    <type name="FC_Fish_Trophy_L_Corrupted">
        <lifetime>388000</lifetime>
        <flags count_in_hoarder="0" count_in_player="0" count_in_map="1" count_in_cargo="0" crafted="0" deloot="0"/>
    </type>
    <type name="FC_Fish_Trophy_L_Forel">
        <lifetime>388000</lifetime>
        <flags count_in_hoarder="0" count_in_player="0" count_in_map="1" count_in_cargo="0" crafted="0" deloot="0"/>
    </type>
    <type name="FC_Fish_Trophy_L_Hammer">
        <lifetime>388000</lifetime>
        <flags count_in_hoarder="0" count_in_player="0" count_in_map="1" count_in_cargo="0" crafted="0" deloot="0"/>
    </type>
    <type name="FC_Fish_Trophy_L_Plecostomus">
        <lifetime>388000</lifetime>
        <flags count_in_hoarder="0" count_in_player="0" count_in_map="1" count_in_cargo="0" crafted="0" deloot="0"/>
    </type>
    <type name="FC_Fish_Trophy_L_Saw">
        <lifetime>388000</lifetime>
        <flags count_in_hoarder="0" count_in_player="0" count_in_map="1" count_in_cargo="0" crafted="0" deloot="0"/>
    </type>
    <type name="FC_Fish_Trophy_L_Sword">
        <lifetime>388000</lifetime>
        <flags count_in_hoarder="0" count_in_player="0" count_in_map="1" count_in_cargo="0" crafted="0" deloot="0"/>
    </type>
    <type name="FC_Fish_Trophy_L_Whale">
        <lifetime>388000</lifetime>
        <flags count_in_hoarder="0" count_in_player="0" count_in_map="1" count_in_cargo="0" crafted="0" deloot="0"/>
    </type>
    <type name="FC_Fish_Trophy_L_White">
        <lifetime>388000</lifetime>
        <flags count_in_hoarder="0" count_in_player="0" count_in_map="1" count_in_cargo="0" crafted="0" deloot="0"/>
    </type>
</types>
