<?xml version="1.0" encoding="UTF-8"?>
<territory-type>
    <territory color="4294923520">
        <zone name="Graze" smin="0" smax="0" dmin="0" dmax="0" x="19963.3" z="14795" r="200"/>
        <zone name="Graze" smin="0" smax="0" dmin="0" dmax="0" x="19968.3" z="12913.3" r="200"/>
        <zone name="Graze" smin="0" smax="0" dmin="0" dmax="0" x="19715" z="13466.7" r="150"/>
        <zone name="Graze" smin="0" smax="0" dmin="0" dmax="0" x="20848.3" z="12868.3" r="150"/>
    </territory>
    <territory color="4294923520">
        <zone name="Graze" smin="0" smax="0" dmin="0" dmax="0" x="5528.67" z="5697" r="150"/>
        <zone name="Graze" smin="0" smax="0" dmin="0" dmax="0" x="3313.67" z="5031.5" r="150"/>
        <zone name="Graze" smin="0" smax="0" dmin="0" dmax="0" x="4525.17" z="5078.5" r="150"/>
        <zone name="Graze" smin="0" smax="0" dmin="0" dmax="0" x="5257.67" z="6862" r="100"/>
    </territory>
    <territory color="4294923520">
        <zone name="Graze" smin="0" smax="0" dmin="0" dmax="0" x="12688" z="17172" r="100"/>
        <zone name="Graze" smin="0" smax="0" dmin="0" dmax="0" x="13126" z="17274" r="200"/>
        <zone name="Graze" smin="0" smax="0" dmin="0" dmax="0" x="13879" z="17406" r="100"/>
        <zone name="Graze" smin="0" smax="0" dmin="0" dmax="0" x="15295" z="14641" r="100"/>
        <zone name="Graze" smin="0" smax="0" dmin="0" dmax="0" x="15907" z="14524" r="100"/>
        <zone name="Graze" smin="0" smax="0" dmin="0" dmax="0" x="16033" z="16176" r="100"/>
        <zone name="Graze" smin="0" smax="0" dmin="0" dmax="0" x="16272" z="16648" r="200"/>
    </territory>
    <territory color="4294923520">
        <zone name="Graze" smin="0" smax="0" dmin="0" dmax="0" x="13821.7" z="11126.7" r="100"/>
        <zone name="Graze" smin="0" smax="0" dmin="0" dmax="0" x="15515" z="12165" r="100"/>
        <zone name="Graze" smin="0" smax="0" dmin="0" dmax="0" x="14133.3" z="11588.3" r="150"/>
        <zone name="Graze" smin="0" smax="0" dmin="0" dmax="0" x="16446.7" z="12483.3" r="100"/>
        <zone name="Graze" smin="0" smax="0" dmin="0" dmax="0" x="17160" z="10840" r="100"/>
        <zone name="Graze" smin="0" smax="0" dmin="0" dmax="0" x="16921.7" z="12433.3" r="150"/>
        <zone name="Graze" smin="0" smax="0" dmin="0" dmax="0" x="17511.7" z="10320" r="150"/>
    </territory>
    <territory color="4294923520">
        <zone name="Graze" smin="0" smax="0" dmin="0" dmax="0" x="360" z="18485" r="100"/>
        <zone name="Graze" smin="0" smax="0" dmin="0" dmax="0" x="415" z="19055" r="200"/>
        <zone name="Graze" smin="0" smax="0" dmin="0" dmax="0" x="1505" z="19345" r="150"/>
        <zone name="Graze" smin="0" smax="0" dmin="0" dmax="0" x="1525" z="19920" r="150"/>
        <zone name="Graze" smin="0" smax="0" dmin="0" dmax="0" x="1820" z="19690" r="150"/>
        <zone name="Graze" smin="0" smax="0" dmin="0" dmax="0" x="2300" z="19965" r="150"/>
    </territory>
    <territory color="4294923520">
        <zone name="Graze" smin="0" smax="0" dmin="0" dmax="0" x="19384.2" z="1637.97" r="100"/>
        <zone name="Graze" smin="0" smax="0" dmin="0" dmax="0" x="19234.2" z="2039.17" r="100"/>
        <zone name="Graze" smin="0" smax="0" dmin="0" dmax="0" x="19466.7" z="2061.67" r="100"/>
        <zone name="Graze" smin="0" smax="0" dmin="0" dmax="0" x="19465.4" z="4732.97" r="100"/>
        <zone name="Graze" smin="0" smax="0" dmin="0" dmax="0" x="20425.4" z="5126.67" r="100"/>
        <zone name="Graze" smin="0" smax="0" dmin="0" dmax="0" x="19832.9" z="5411.67" r="100"/>
        <zone name="Graze" smin="0" smax="0" dmin="0" dmax="0" x="19424.2" z="5899.17" r="100"/>
        <zone name="Graze" smin="0" smax="0" dmin="0" dmax="0" x="20129.2" z="5921.67" r="100"/>
    </territory>
    <territory color="4294923520">
        <zone name="Graze" smin="0" smax="0" dmin="0" dmax="0" x="5562.5" z="11152.5" r="100"/>
        <zone name="Graze" smin="0" smax="0" dmin="0" dmax="0" x="6600" z="10822.5" r="200"/>
        <zone name="Graze" smin="0" smax="0" dmin="0" dmax="0" x="6472.5" z="11602.5" r="200"/>
        <zone name="Graze" smin="0" smax="0" dmin="0" dmax="0" x="6045" z="12112.5" r="100"/>
    </territory>
    <territory color="4294923520">
        <zone name="Graze" smin="0" smax="0" dmin="0" dmax="0" x="3317.5" z="396.25" r="150"/>
        <zone name="Graze" smin="0" smax="0" dmin="0" dmax="0" x="1366.25" z="728.75" r="150"/>
        <zone name="Graze" smin="0" smax="0" dmin="0" dmax="0" x="2238.75" z="1471.25" r="150"/>
        <zone name="Graze" smin="0" smax="0" dmin="0" dmax="0" x="3532.5" z="1303.75" r="150"/>
        <zone name="Graze" smin="0" smax="0" dmin="0" dmax="0" x="4660" z="970" r="150"/>
    </territory>
    <territory color="4294923520">
        <zone name="Graze" smin="0" smax="0" dmin="0" dmax="0" x="19208.8" z="19030" r="150"/>
        <zone name="Graze" smin="0" smax="0" dmin="0" dmax="0" x="19940" z="19723.8" r="150"/>
        <zone name="Graze" smin="0" smax="0" dmin="0" dmax="0" x="19336.3" z="19461.3" r="150"/>
        <zone name="Graze" smin="0" smax="0" dmin="0" dmax="0" x="18245" z="19127.5" r="150"/>
        <zone name="Graze" smin="0" smax="0" dmin="0" dmax="0" x="17585" z="18505" r="250"/>
        <zone name="Graze" smin="0" smax="0" dmin="0" dmax="0" x="17690" z="18966.3" r="150"/>
        <zone name="Graze" smin="0" smax="0" dmin="0" dmax="0" x="18338.8" z="18535" r="250"/>
    </territory>
    <territory color="4294923520">
        <zone name="Graze" smin="0" smax="0" dmin="0" dmax="0" x="438.75" z="14321.3" r="150"/>
        <zone name="Graze" smin="0" smax="0" dmin="0" dmax="0" x="433.75" z="15386.3" r="150"/>
        <zone name="Graze" smin="0" smax="0" dmin="0" dmax="0" x="1013.75" z="15998.8" r="300"/>
        <zone name="Graze" smin="0" smax="0" dmin="0" dmax="0" x="1110" z="13348.8" r="150"/>
        <zone name="Graze" smin="0" smax="0" dmin="0" dmax="0" x="1367.5" z="14607.5" r="150"/>
    </territory>
    <territory color="4294923520">
        <zone name="Graze" smin="0" smax="0" dmin="0" dmax="0" x="6704.23" z="14180" r="100"/>
        <zone name="Graze" smin="0" smax="0" dmin="0" dmax="0" x="6791.25" z="15722.5" r="100"/>
        <zone name="Graze" smin="0" smax="0" dmin="0" dmax="0" x="8090.42" z="14589.2" r="100"/>
        <zone name="Graze" smin="0" smax="0" dmin="0" dmax="0" x="5667.32" z="15144.5" r="100"/>
    </territory>
    <territory color="4294923520">
        <zone name="Graze" smin="0" smax="0" dmin="0" dmax="0" x="360" z="7415" r="150"/>
        <zone name="Graze" smin="0" smax="0" dmin="0" dmax="0" x="780" z="7970" r="100"/>
        <zone name="Graze" smin="0" smax="0" dmin="0" dmax="0" x="360" z="8580" r="150"/>
        <zone name="Graze" smin="0" smax="0" dmin="0" dmax="0" x="1045" z="9005" r="150"/>
    </territory>
    <territory color="4294923520">
        <zone name="Graze" smin="0" smax="0" dmin="0" dmax="0" x="3345" z="14118.8" r="150"/>
        <zone name="Graze" smin="0" smax="0" dmin="0" dmax="0" x="8002.5" z="20017.5" r="150"/>
        <zone name="Graze" smin="0" smax="0" dmin="0" dmax="0" x="9500.83" z="19823.3" r="150"/>
        <zone name="Graze" smin="0" smax="0" dmin="0" dmax="0" x="10036.3" z="19226.3" r="100"/>
        <zone name="Graze" smin="0" smax="0" dmin="0" dmax="0" x="9099.58" z="19108.3" r="100"/>
        <zone name="Graze" smin="0" smax="0" dmin="0" dmax="0" x="3401.25" z="14411.3" r="100"/>
    </territory>
</territory-type>
