<?xml version="1.0" encoding="UTF-8"?>
<territory-type>
    <territory color="864420070">
        <zone name="Rest" smin="0" smax="0" dmin="0" dmax="0" x="3956.34" z="12963.2" r="67.5"/>
        <zone name="Rest" smin="0" smax="0" dmin="0" dmax="0" x="4526.34" z="12886.3" r="80"/>
        <zone name="Graze" smin="0" smax="0" dmin="0" dmax="0" x="4155.46" z="12824.5" r="187.5"/>
        <zone name="Graze" smin="0" smax="0" dmin="0" dmax="0" x="4827.59" z="12673.8" r="110"/>
        <zone name="Graze" smin="0" smax="0" dmin="0" dmax="0" x="4968.75" z="12147.1" r="150"/>
        <zone name="Water" smin="0" smax="0" dmin="0" dmax="0" x="4670.27" z="12867" r="100"/>
    </territory>
    <territory color="864420070">
        <zone name="Rest" smin="0" smax="0" dmin="0" dmax="0" x="4307.5" z="13980.6" r="105"/>
        <zone name="Graze" smin="0" smax="0" dmin="0" dmax="0" x="4004" z="14145.5" r="127.5"/>
        <zone name="Rest" smin="0" smax="0" dmin="0" dmax="0" x="3632.67" z="14142.3" r="82.5"/>
        <zone name="Graze" smin="0" smax="0" dmin="0" dmax="0" x="4541.67" z="13796.7" r="120"/>
        <zone name="Water" smin="0" smax="0" dmin="0" dmax="0" x="4510.5" z="14012.5" r="90"/>
    </territory>
    <territory color="864420070">
        <zone name="Rest" smin="0" smax="0" dmin="0" dmax="0" x="5821.88" z="8692.5" r="90"/>
        <zone name="Rest" smin="0" smax="0" dmin="0" dmax="0" x="6352.5" z="9157.5" r="90"/>
        <zone name="Graze" smin="0" smax="0" dmin="0" dmax="0" x="5748.75" z="9030" r="180"/>
        <zone name="Graze" smin="0" smax="0" dmin="0" dmax="0" x="6105" z="8675.63" r="150"/>
        <zone name="Graze" smin="0" smax="0" dmin="0" dmax="0" x="6105" z="8910" r="97.5"/>
        <zone name="Water" smin="0" smax="0" dmin="0" dmax="0" x="6556.88" z="9298.13" r="120"/>
    </territory>
    <territory color="864420070">
        <zone name="Rest" smin="0" smax="0" dmin="0" dmax="0" x="4456.07" z="8207.14" r="90"/>
        <zone name="Graze" smin="0" smax="0" dmin="0" dmax="0" x="4470" z="7560" r="130"/>
        <zone name="Graze" smin="0" smax="0" dmin="0" dmax="0" x="4349.25" z="8506.5" r="150"/>
        <zone name="Graze" smin="0" smax="0" dmin="0" dmax="0" x="4622.05" z="8145.68" r="150"/>
        <zone name="Water" smin="0" smax="0" dmin="0" dmax="0" x="4236" z="7254" r="120"/>
    </territory>
    <territory color="864420070">
        <zone name="Rest" smin="0" smax="0" dmin="0" dmax="0" x="7958.13" z="9525" r="82.5"/>
        <zone name="Graze" smin="0" smax="0" dmin="0" dmax="0" x="7772.16" z="9836.1" r="100"/>
        <zone name="Rest" smin="0" smax="0" dmin="0" dmax="0" x="7429.38" z="9635.6" r="90"/>
        <zone name="Graze" smin="0" smax="0" dmin="0" dmax="0" x="8153.64" z="9646.9" r="100"/>
        <zone name="Water" smin="0" smax="0" dmin="0" dmax="0" x="8048.13" z="9796.3" r="80"/>
    </territory>
    <territory color="864420070">
        <zone name="Rest" smin="0" smax="0" dmin="0" dmax="0" x="5300.23" z="10531.7" r="90"/>
        <zone name="Graze" smin="0" smax="0" dmin="0" dmax="0" x="5593.11" z="10450.3" r="195"/>
        <zone name="Graze" smin="0" smax="0" dmin="0" dmax="0" x="5926.86" z="10824.9" r="150"/>
        <zone name="Rest" smin="0" smax="0" dmin="0" dmax="0" x="6082.11" z="10669.7" r="82.5"/>
        <zone name="Water" smin="0" smax="0" dmin="0" dmax="0" x="6182.73" z="10538.1" r="90"/>
    </territory>
    <territory color="864420070">
        <zone name="Rest" smin="0" smax="0" dmin="0" dmax="0" x="13513.2" z="3366.61" r="90"/>
        <zone name="Graze" smin="0" smax="0" dmin="0" dmax="0" x="13277.7" z="3067.23" r="195"/>
        <zone name="Graze" smin="0" smax="0" dmin="0" dmax="0" x="13775.6" z="3527.44" r="120"/>
        <zone name="Graze" smin="0" smax="0" dmin="0" dmax="0" x="13477.4" z="3658.69" r="150"/>
        <zone name="Water" smin="0" smax="0" dmin="0" dmax="0" x="13625.7" z="3187.86" r="80"/>
    </territory>
    <territory color="864420070">
        <zone name="Rest" smin="0" smax="0" dmin="0" dmax="0" x="2763.33" z="12148.3" r="80"/>
        <zone name="Graze" smin="0" smax="0" dmin="0" dmax="0" x="2753.33" z="11800.8" r="180"/>
        <zone name="Graze" smin="0" smax="0" dmin="0" dmax="0" x="2480" z="12189.2" r="105"/>
        <zone name="Graze" smin="0" smax="0" dmin="0" dmax="0" x="2402.5" z="11731.7" r="97.5"/>
        <zone name="Water" smin="0" smax="0" dmin="0" dmax="0" x="3199.17" z="12574.2" r="75"/>
    </territory>
    <territory color="864420070">
        <zone name="Rest" smin="0" smax="0" dmin="0" dmax="0" x="1123.75" z="18002.5" r="100"/>
        <zone name="Graze" smin="0" smax="0" dmin="0" dmax="0" x="1296.25" z="18207.5" r="120"/>
        <zone name="Graze" smin="0" smax="0" dmin="0" dmax="0" x="1412.5" z="17929.4" r="130"/>
        <zone name="Rest" smin="0" smax="0" dmin="0" dmax="0" x="1028.13" z="18385" r="82.5"/>
        <zone name="Water" smin="0" smax="0" dmin="0" dmax="0" x="1009.38" z="18769.4" r="80"/>
        <zone name="Water" smin="0" smax="0" dmin="0" dmax="0" x="1078.75" z="17818.8" r="80"/>
    </territory>
    <territory color="864420070">
        <zone name="Rest" smin="0" smax="0" dmin="0" dmax="0" x="14729.1" z="14448.4" r="50"/>
        <zone name="Graze" smin="0" smax="0" dmin="0" dmax="0" x="15027.8" z="14414.5" r="110"/>
        <zone name="Graze" smin="0" smax="0" dmin="0" dmax="0" x="14464.3" z="14074.3" r="82.5"/>
        <zone name="Graze" smin="0" smax="0" dmin="0" dmax="0" x="14770.3" z="14019.9" r="82.5"/>
        <zone name="Graze" smin="0" smax="0" dmin="0" dmax="0" x="14487" z="14244.4" r="60"/>
        <zone name="Water" smin="0" smax="0" dmin="0" dmax="0" x="14601.2" z="14431.9" r="67.5"/>
    </territory>
    <territory color="864420070">
        <zone name="Rest" smin="0" smax="0" dmin="0" dmax="0" x="4114.29" z="9142.5" r="80"/>
        <zone name="Graze" smin="0" smax="0" dmin="0" dmax="0" x="4157.14" z="9321.43" r="187.5"/>
        <zone name="Graze" smin="0" smax="0" dmin="0" dmax="0" x="4647.86" z="9047.14" r="180"/>
        <zone name="Graze" smin="0" smax="0" dmin="0" dmax="0" x="4346.07" z="8930.71" r="80"/>
        <zone name="Water" smin="0" smax="0" dmin="0" dmax="0" x="4445.36" z="9090" r="70"/>
        <zone name="Rest" smin="0" smax="0" dmin="0" dmax="0" x="4426.07" z="9328.93" r="70"/>
    </territory>
    <territory color="864420070">
        <zone name="Rest" smin="0" smax="0" dmin="0" dmax="0" x="6919.11" z="12694.6" r="100"/>
        <zone name="Graze" smin="0" smax="0" dmin="0" dmax="0" x="7031.96" z="12882" r="120"/>
        <zone name="Graze" smin="0" smax="0" dmin="0" dmax="0" x="6575.65" z="12903.7" r="120"/>
        <zone name="Graze" smin="0" smax="0" dmin="0" dmax="0" x="7131.06" z="12691.7" r="120"/>
        <zone name="Water" smin="0" smax="0" dmin="0" dmax="0" x="6900" z="13045" r="80"/>
    </territory>
    <territory color="864420070">
        <zone name="Rest" smin="0" smax="0" dmin="0" dmax="0" x="1753.75" z="5096.25" r="100"/>
        <zone name="Graze" smin="0" smax="0" dmin="0" dmax="0" x="1473.75" z="5251.25" r="195"/>
        <zone name="Graze" smin="0" smax="0" dmin="0" dmax="0" x="1911.25" z="5243.75" r="100"/>
        <zone name="Graze" smin="0" smax="0" dmin="0" dmax="0" x="1898.75" z="5021.25" r="100"/>
        <zone name="Water" smin="0" smax="0" dmin="0" dmax="0" x="2516.25" z="4928.75" r="90"/>
    </territory>
    <territory color="864420070">
        <zone name="Rest" smin="0" smax="0" dmin="0" dmax="0" x="3253.93" z="4987.5" r="100"/>
        <zone name="Rest" smin="0" smax="0" dmin="0" dmax="0" x="3497.57" z="4856.57" r="67.5"/>
        <zone name="Graze" smin="0" smax="0" dmin="0" dmax="0" x="3045.43" z="4892.36" r="165"/>
        <zone name="Graze" smin="0" smax="0" dmin="0" dmax="0" x="3511.07" z="5520.79" r="142.5"/>
        <zone name="Graze" smin="0" smax="0" dmin="0" dmax="0" x="3240.64" z="4706.79" r="120"/>
        <zone name="Water" smin="0" smax="0" dmin="0" dmax="0" x="2876.79" z="5051.25" r="60"/>
    </territory>
    <territory color="864420070">
        <zone name="Rest" smin="0" smax="0" dmin="0" dmax="0" x="3799.4" z="18571.9" r="100"/>
        <zone name="Graze" smin="0" smax="0" dmin="0" dmax="0" x="7089.1" z="2935.38" r="120"/>
        <zone name="Graze" smin="0" smax="0" dmin="0" dmax="0" x="4030" z="18654.4" r="150"/>
        <zone name="Rest" smin="0" smax="0" dmin="0" dmax="0" x="7193.8" z="3092.5" r="80"/>
        <zone name="Water" smin="0" smax="0" dmin="0" dmax="0" x="7355" z="3291.25" r="80"/>
        <zone name="Rest" smin="0" smax="0" dmin="0" dmax="0" x="7331.5" z="2904.5" r="120"/>
    </territory>
    <territory color="864420070">
        <zone name="Rest" smin="0" smax="0" dmin="0" dmax="0" x="8321.25" z="6965.63" r="105"/>
        <zone name="Rest" smin="0" smax="0" dmin="0" dmax="0" x="7725" z="6868.13" r="97.5"/>
        <zone name="Graze" smin="0" smax="0" dmin="0" dmax="0" x="8632.5" z="7072.5" r="90"/>
        <zone name="Graze" smin="0" smax="0" dmin="0" dmax="0" x="8359.55" z="7143.22" r="120"/>
        <zone name="Graze" smin="0" smax="0" dmin="0" dmax="0" x="7917.08" z="7095.38" r="90"/>
        <zone name="Water" smin="0" smax="0" dmin="0" dmax="0" x="8540.63" z="6980.63" r="120"/>
    </territory>
    <territory color="864420070">
        <zone name="Rest" smin="0" smax="0" dmin="0" dmax="0" x="13692" z="19183" r="80"/>
        <zone name="Graze" smin="0" smax="0" dmin="0" dmax="0" x="13981.5" z="18954" r="90"/>
        <zone name="Graze" smin="0" smax="0" dmin="0" dmax="0" x="13557" z="19366" r="150"/>
        <zone name="Rest" smin="0" smax="0" dmin="0" dmax="0" x="14421" z="18859" r="100"/>
        <zone name="Water" smin="0" smax="0" dmin="0" dmax="0" x="13861.5" z="18824.5" r="70"/>
    </territory>
    <territory color="864420070">
        <zone name="Rest" smin="0" smax="0" dmin="0" dmax="0" x="14155.2" z="16143.4" r="67.5"/>
        <zone name="Graze" smin="0" smax="0" dmin="0" dmax="0" x="15016.9" z="15638.3" r="120"/>
        <zone name="Rest" smin="0" smax="0" dmin="0" dmax="0" x="14963.3" z="15748.5" r="60"/>
        <zone name="Graze" smin="0" smax="0" dmin="0" dmax="0" x="14738.9" z="15862.9" r="140"/>
        <zone name="Water" smin="0" smax="0" dmin="0" dmax="0" x="14390" z="16335.7" r="80"/>
        <zone name="Water" smin="0" smax="0" dmin="0" dmax="0" x="14552.5" z="16265.7" r="60"/>
    </territory>
    <territory color="864420070">
        <zone name="Rest" smin="0" smax="0" dmin="0" dmax="0" x="10253.2" z="1750.57" r="80"/>
        <zone name="Graze" smin="0" smax="0" dmin="0" dmax="0" x="10372.8" z="1482.93" r="135"/>
        <zone name="Graze" smin="0" smax="0" dmin="0" dmax="0" x="10335.2" z="1285.89" r="150"/>
        <zone name="Graze" smin="0" smax="0" dmin="0" dmax="0" x="10263.4" z="1839.45" r="120"/>
        <zone name="Water" smin="0" smax="0" dmin="0" dmax="0" x="9525.5" z="1758.29" r="80"/>
    </territory>
    <territory color="864420070">
        <zone name="Rest" smin="0" smax="0" dmin="0" dmax="0" x="9452.5" z="17786" r="80"/>
        <zone name="Graze" smin="0" smax="0" dmin="0" dmax="0" x="9574.16" z="17733.5" r="140"/>
        <zone name="Graze" smin="0" smax="0" dmin="0" dmax="0" x="9770.03" z="18076" r="127.5"/>
        <zone name="Rest" smin="0" smax="0" dmin="0" dmax="0" x="9887.53" z="18068.5" r="90"/>
        <zone name="Water" smin="0" smax="0" dmin="0" dmax="0" x="9678.33" z="17921" r="70"/>
        <zone name="Graze" smin="0" smax="0" dmin="0" dmax="0" x="9517.71" z="17533.3" r="140"/>
    </territory>
    <territory color="864420070">
        <zone name="Rest" smin="0" smax="0" dmin="0" dmax="0" x="3092.68" z="9182.68" r="90"/>
        <zone name="Graze" smin="0" smax="0" dmin="0" dmax="0" x="3186.96" z="9924.11" r="195"/>
        <zone name="Graze" smin="0" smax="0" dmin="0" dmax="0" x="3319.46" z="8950.89" r="195"/>
        <zone name="Graze" smin="0" smax="0" dmin="0" dmax="0" x="3199.82" z="9605.89" r="120"/>
        <zone name="Water" smin="0" smax="0" dmin="0" dmax="0" x="2750.36" z="8810.36" r="100"/>
    </territory>
    <territory color="831654630">
        <zone name="Rest" smin="0" smax="0" dmin="0" dmax="0" x="10850.6" z="6904.4" r="112.5"/>
        <zone name="Rest" smin="0" smax="0" dmin="0" dmax="0" x="11467.5" z="6476.9" r="67.5"/>
        <zone name="Graze" smin="0" smax="0" dmin="0" dmax="0" x="11156.3" z="6893.1" r="127.5"/>
        <zone name="Graze" smin="0" smax="0" dmin="0" dmax="0" x="11356.9" z="6671.9" r="150"/>
        <zone name="Graze" smin="0" smax="0" dmin="0" dmax="0" x="11628.8" z="6671.9" r="150"/>
        <zone name="Water" smin="0" smax="0" dmin="0" dmax="0" x="11135.6" z="6555.6" r="67.5"/>
    </territory>
    <territory color="864420070">
        <zone name="Rest" smin="0" smax="0" dmin="0" dmax="0" x="7691.88" z="12863.8" r="100"/>
        <zone name="Graze" smin="0" smax="0" dmin="0" dmax="0" x="7187.5" z="13338.1" r="120"/>
        <zone name="Graze" smin="0" smax="0" dmin="0" dmax="0" x="7552.77" z="13069.3" r="150"/>
        <zone name="Rest" smin="0" smax="0" dmin="0" dmax="0" x="7337.5" z="13317.5" r="82.5"/>
        <zone name="Water" smin="0" smax="0" dmin="0" dmax="0" x="7451.88" z="12608.8" r="80"/>
    </territory>
    <territory color="864420070">
        <zone name="Rest" smin="0" smax="0" dmin="0" dmax="0" x="6212.5" z="3746.67" r="100"/>
        <zone name="Graze" smin="0" smax="0" dmin="0" dmax="0" x="6071.05" z="3546.05" r="80"/>
        <zone name="Graze" smin="0" smax="0" dmin="0" dmax="0" x="5775" z="3877.5" r="90"/>
        <zone name="Graze" smin="0" smax="0" dmin="0" dmax="0" x="6328.33" z="3578.33" r="82.5"/>
        <zone name="Water" smin="0" smax="0" dmin="0" dmax="0" x="6041.67" z="3767.5" r="90"/>
    </territory>
    <territory color="864420070">
        <zone name="Rest" smin="0" smax="0" dmin="0" dmax="0" x="2119.29" z="12320.7" r="90"/>
        <zone name="Graze" smin="0" smax="0" dmin="0" dmax="0" x="2167.5" z="11967.5" r="160"/>
        <zone name="Graze" smin="0" smax="0" dmin="0" dmax="0" x="1543.13" z="11677.8" r="160"/>
        <zone name="Graze" smin="0" smax="0" dmin="0" dmax="0" x="1600" z="12268.2" r="150"/>
        <zone name="Water" smin="0" smax="0" dmin="0" dmax="0" x="1271.82" z="11873.2" r="80"/>
        <zone name="Rest" smin="0" smax="0" dmin="0" dmax="0" x="1980" z="11967.5" r="80"/>
    </territory>
    <territory color="864420070">
        <zone name="Rest" smin="0" smax="0" dmin="0" dmax="0" x="7966.07" z="11334.6" r="67.5"/>
        <zone name="Graze" smin="0" smax="0" dmin="0" dmax="0" x="7517.14" z="11482.5" r="150"/>
        <zone name="Graze" smin="0" smax="0" dmin="0" dmax="0" x="7250.36" z="11486.8" r="120"/>
        <zone name="Graze" smin="0" smax="0" dmin="0" dmax="0" x="7810.72" z="11488.9" r="100"/>
        <zone name="Water" smin="0" smax="0" dmin="0" dmax="0" x="8164.29" z="11701.1" r="75"/>
        <zone name="Rest" smin="0" smax="0" dmin="0" dmax="0" x="7330.71" z="11305.7" r="67.5"/>
    </territory>
    <territory color="864420070">
        <zone name="Rest" smin="0" smax="0" dmin="0" dmax="0" x="4655.83" z="5553.33" r="60"/>
        <zone name="Graze" smin="0" smax="0" dmin="0" dmax="0" x="5172.5" z="5417.5" r="195"/>
        <zone name="Graze" smin="0" smax="0" dmin="0" dmax="0" x="4433.33" z="5625.83" r="120"/>
        <zone name="Graze" smin="0" smax="0" dmin="0" dmax="0" x="4783.33" z="5445" r="130"/>
        <zone name="Water" smin="0" smax="0" dmin="0" dmax="0" x="4622.5" z="5856.67" r="100"/>
    </territory>
    <territory color="864420070">
        <zone name="Rest" smin="0" smax="0" dmin="0" dmax="0" x="6469.58" z="12615" r="80"/>
        <zone name="Graze" smin="0" smax="0" dmin="0" dmax="0" x="6477.08" z="12760" r="110"/>
        <zone name="Graze" smin="0" smax="0" dmin="0" dmax="0" x="5975.83" z="12556.3" r="140"/>
        <zone name="Graze" smin="0" smax="0" dmin="0" dmax="0" x="6935.71" z="12165.6" r="150"/>
        <zone name="Water" smin="0" smax="0" dmin="0" dmax="0" x="6312.71" z="12565.6" r="70"/>
        <zone name="Water" smin="0" smax="0" dmin="0" dmax="0" x="6179.58" z="12293.8" r="60"/>
    </territory>
    <territory color="864420070">
        <zone name="Rest" smin="0" smax="0" dmin="0" dmax="0" x="6958.25" z="7712.63" r="120"/>
        <zone name="Graze" smin="0" smax="0" dmin="0" dmax="0" x="6847.08" z="7596.25" r="165"/>
        <zone name="Graze" smin="0" smax="0" dmin="0" dmax="0" x="7365.5" z="7433.13" r="150"/>
        <zone name="Graze" smin="0" smax="0" dmin="0" dmax="0" x="7085.96" z="7952.38" r="150"/>
        <zone name="Water" smin="0" smax="0" dmin="0" dmax="0" x="7108.42" z="7374.25" r="82.5"/>
    </territory>
    <territory color="864420070">
        <zone name="Rest" smin="0" smax="0" dmin="0" dmax="0" x="9747.71" z="8930.83" r="90"/>
        <zone name="Graze" smin="0" smax="0" dmin="0" dmax="0" x="9550.83" z="8490" r="142.5"/>
        <zone name="Graze" smin="0" smax="0" dmin="0" dmax="0" x="9703.54" z="9075.63" r="80"/>
        <zone name="Graze" smin="0" smax="0" dmin="0" dmax="0" x="9760" z="8628.33" r="120"/>
        <zone name="Water" smin="0" smax="0" dmin="0" dmax="0" x="8912.5" z="8305" r="75"/>
        <zone name="Rest" smin="0" smax="0" dmin="0" dmax="0" x="10238.3" z="8826.67" r="120"/>
    </territory>
    <territory color="864420070">
        <zone name="Rest" smin="0" smax="0" dmin="0" dmax="0" x="5974.8" z="11046.9" r="100"/>
        <zone name="Rest" smin="0" smax="0" dmin="0" dmax="0" x="6269.7" z="10797.9" r="67.5"/>
        <zone name="Graze" smin="0" smax="0" dmin="0" dmax="0" x="6428.3" z="11105.9" r="127.5"/>
        <zone name="Graze" smin="0" smax="0" dmin="0" dmax="0" x="6293" z="11280.3" r="110"/>
        <zone name="Graze" smin="0" smax="0" dmin="0" dmax="0" x="6050" z="10764.6" r="82.5"/>
        <zone name="Water" smin="0" smax="0" dmin="0" dmax="0" x="7021.7" z="10872.1" r="70"/>
    </territory>
    <territory color="864420070">
        <zone name="Rest" smin="0" smax="0" dmin="0" dmax="0" x="7496.4" z="7820" r="100"/>
        <zone name="Graze" smin="0" smax="0" dmin="0" dmax="0" x="7942.1" z="7541.07" r="150"/>
        <zone name="Graze" smin="0" smax="0" dmin="0" dmax="0" x="7634.3" z="7592.86" r="135"/>
        <zone name="Graze" smin="0" smax="0" dmin="0" dmax="0" x="7694.3" z="7757.86" r="120"/>
        <zone name="Water" smin="0" smax="0" dmin="0" dmax="0" x="8023.6" z="7895" r="80"/>
    </territory>
    <territory color="864420070">
        <zone name="Rest" smin="0" smax="0" dmin="0" dmax="0" x="2552.5" z="12863.8" r="60"/>
        <zone name="Graze" smin="0" smax="0" dmin="0" dmax="0" x="2213.75" z="12998.1" r="140"/>
        <zone name="Graze" smin="0" smax="0" dmin="0" dmax="0" x="2920" z="12818.1" r="150"/>
        <zone name="Graze" smin="0" smax="0" dmin="0" dmax="0" x="2390" z="12726.3" r="100"/>
        <zone name="Water" smin="0" smax="0" dmin="0" dmax="0" x="2569.38" z="12705.6" r="60"/>
        <zone name="Rest" smin="0" smax="0" dmin="0" dmax="0" x="2692.5" z="13413.8" r="90"/>
    </territory>
    <territory color="864420070">
        <zone name="Rest" smin="0" smax="0" dmin="0" dmax="0" x="1331.43" z="4063.22" r="90"/>
        <zone name="Graze" smin="0" smax="0" dmin="0" dmax="0" x="1167.5" z="3948.57" r="150"/>
        <zone name="Graze" smin="0" smax="0" dmin="0" dmax="0" x="1144.29" z="4237.86" r="150"/>
        <zone name="Rest" smin="0" smax="0" dmin="0" dmax="0" x="1299.29" z="3653.93" r="82.5"/>
        <zone name="Water" smin="0" smax="0" dmin="0" dmax="0" x="996.072" z="3995.71" r="75"/>
    </territory>
    <territory color="864420070">
        <zone name="Rest" smin="0" smax="0" dmin="0" dmax="0" x="2296.5" z="14745" r="82.5"/>
        <zone name="Rest" smin="0" smax="0" dmin="0" dmax="0" x="2047.5" z="15183" r="75"/>
        <zone name="Graze" smin="0" smax="0" dmin="0" dmax="0" x="2245.5" z="14997" r="165"/>
        <zone name="Graze" smin="0" smax="0" dmin="0" dmax="0" x="2545.5" z="15003" r="135"/>
        <zone name="Graze" smin="0" smax="0" dmin="0" dmax="0" x="1687.5" z="15088.5" r="105"/>
        <zone name="Water" smin="0" smax="0" dmin="0" dmax="0" x="2040" z="14815.5" r="120"/>
    </territory>
    <territory color="864420070">
        <zone name="Rest" smin="0" smax="0" dmin="0" dmax="0" x="2991" z="6717" r="120"/>
        <zone name="Graze" smin="0" smax="0" dmin="0" dmax="0" x="3528" z="6747" r="187.5"/>
        <zone name="Graze" smin="0" smax="0" dmin="0" dmax="0" x="3190.5" z="6697.5" r="150"/>
        <zone name="Graze" smin="0" smax="0" dmin="0" dmax="0" x="3574.5" z="6445.5" r="90"/>
        <zone name="Water" smin="0" smax="0" dmin="0" dmax="0" x="3370.5" z="6520.5" r="120"/>
    </territory>
    <territory color="864420070">
        <zone name="Rest" smin="0" smax="0" dmin="0" dmax="0" x="3599" z="6958.25" r="120"/>
        <zone name="Graze" smin="0" smax="0" dmin="0" dmax="0" x="3827" z="7086.5" r="195"/>
        <zone name="Graze" smin="0" smax="0" dmin="0" dmax="0" x="3436.25" z="7221.5" r="172.5"/>
        <zone name="Graze" smin="0" smax="0" dmin="0" dmax="0" x="4031" z="7520.75" r="200"/>
        <zone name="Water" smin="0" smax="0" dmin="0" dmax="0" x="4196" z="7224.5" r="120"/>
    </territory>
    <territory color="864420070">
        <zone name="Rest" smin="0" smax="0" dmin="0" dmax="0" x="5032.5" z="13040" r="120"/>
        <zone name="Graze" smin="0" smax="0" dmin="0" dmax="0" x="5022.5" z="13355" r="180"/>
        <zone name="Graze" smin="0" smax="0" dmin="0" dmax="0" x="4980" z="13665" r="120"/>
        <zone name="Graze" smin="0" smax="0" dmin="0" dmax="0" x="5275" z="12900" r="150"/>
        <zone name="Water" smin="0" smax="0" dmin="0" dmax="0" x="4749.64" z="13247.1" r="112.5"/>
        <zone name="Water" smin="0" smax="0" dmin="0" dmax="0" x="4822.5" z="13665" r="70"/>
        <zone name="Rest" smin="0" smax="0" dmin="0" dmax="0" x="5160" z="13864.2" r="70"/>
    </territory>
    <territory color="864420070">
        <zone name="Rest" smin="0" smax="0" dmin="0" dmax="0" x="2265.75" z="10869.4" r="70"/>
        <zone name="Graze" smin="0" smax="0" dmin="0" dmax="0" x="2289.75" z="10647" r="195"/>
        <zone name="Graze" smin="0" smax="0" dmin="0" dmax="0" x="2539.25" z="10454.5" r="90"/>
        <zone name="Graze" smin="0" smax="0" dmin="0" dmax="0" x="2148.25" z="10307" r="120"/>
        <zone name="Water" smin="0" smax="0" dmin="0" dmax="0" x="1991.25" z="10144.5" r="90"/>
    </territory>
</territory-type>
