<?xml version="1.0" encoding="UTF-8"?>
<territory-type>
    <territory color="3002332147">
        <zone name="Zone_hare" smin="0" smax="0" dmin="0" dmax="0" x="4200" z="2797.5" r="195"/>
        <zone name="Zone_hare" smin="0" smax="0" dmin="0" dmax="0" x="5070" z="3667.5" r="120"/>
        <zone name="Zone_hare" smin="0" smax="0" dmin="0" dmax="0" x="4807.5" z="2212.5" r="105"/>
    </territory>
    <territory color="3002332147">
        <zone name="Zone_hare" smin="0" smax="0" dmin="0" dmax="0" x="9945" z="5872.5" r="172.5"/>
    </territory>
    <territory color="3002332147">
        <zone name="Zone_hare" smin="0" smax="0" dmin="0" dmax="0" x="6375" z="6412.5" r="150"/>
        <zone name="Zone_hare" smin="0" smax="0" dmin="0" dmax="0" x="7297.5" z="6127.5" r="142.5"/>
        <zone name="Zone_hare" smin="0" smax="0" dmin="0" dmax="0" x="6645" z="5842.5" r="127.5"/>
        <zone name="Zone_hare" smin="0" smax="0" dmin="0" dmax="0" x="6945" z="5722.5" r="120"/>
        <zone name="Zone_hare" smin="0" smax="0" dmin="0" dmax="0" x="7230" z="5655" r="112.5"/>
        <zone name="Zone_hare" smin="0" smax="0" dmin="0" dmax="0" x="6135" z="6180" r="112.5"/>
        <zone name="Zone_hare" smin="0" smax="0" dmin="0" dmax="0" x="7080" z="6622.5" r="112.5"/>
    </territory>
    <territory color="3002332147">
        <zone name="Zone_hare" smin="0" smax="0" dmin="0" dmax="0" x="5652.5" z="11600" r="127.5"/>
    </territory>
    <territory color="3002332147">
        <zone name="Zone_hare" smin="0" smax="0" dmin="0" dmax="0" x="5767.5" z="11310" r="105"/>
    </territory>
    <territory color="3002332147">
        <zone name="Zone_hare" smin="0" smax="0" dmin="0" dmax="0" x="9412.5" z="2340" r="195"/>
        <zone name="Zone_hare" smin="0" smax="0" dmin="0" dmax="0" x="9075" z="2242.5" r="150"/>
    </territory>
    <territory color="3002332147">
        <zone name="Zone_hare" smin="0" smax="0" dmin="0" dmax="0" x="6457.5" z="10290" r="165"/>
        <zone name="Zone_hare" smin="0" smax="0" dmin="0" dmax="0" x="7380" z="10575" r="150"/>
        <zone name="Zone_hare" smin="0" smax="0" dmin="0" dmax="0" x="7080" z="10672.5" r="127.5"/>
        <zone name="Zone_hare" smin="0" smax="0" dmin="0" dmax="0" x="6345" z="10560" r="112.5"/>
    </territory>
    <territory color="3002332147">
        <zone name="Zone_hare" smin="0" smax="0" dmin="0" dmax="0" x="5460" z="9180" r="195"/>
        <zone name="Zone_hare" smin="0" smax="0" dmin="0" dmax="0" x="5842.5" z="9217.5" r="195"/>
        <zone name="Zone_hare" smin="0" smax="0" dmin="0" dmax="0" x="6082.5" z="9900" r="150"/>
        <zone name="Zone_hare" smin="0" smax="0" dmin="0" dmax="0" x="5715" z="8902.5" r="135"/>
        <zone name="Zone_hare" smin="0" smax="0" dmin="0" dmax="0" x="5107.5" z="9435" r="135"/>
        <zone name="Zone_hare" smin="0" smax="0" dmin="0" dmax="0" x="6367.5" z="9127.5" r="120"/>
        <zone name="Zone_hare" smin="0" smax="0" dmin="0" dmax="0" x="5955" z="8767.5" r="112.5"/>
        <zone name="Zone_hare" smin="0" smax="0" dmin="0" dmax="0" x="6585" z="10035" r="105"/>
    </territory>
    <territory color="3002332147">
        <zone name="Zone_hare" smin="0" smax="0" dmin="0" dmax="0" x="7085" z="10715" r="180"/>
    </territory>
    <territory color="3002332147">
        <zone name="Zone_hare" smin="0" smax="0" dmin="0" dmax="0" x="2730" z="11857.5" r="172.5"/>
        <zone name="Zone_hare" smin="0" smax="0" dmin="0" dmax="0" x="2310" z="12037.5" r="135"/>
        <zone name="Zone_hare" smin="0" smax="0" dmin="0" dmax="0" x="2437.5" z="11535" r="112.5"/>
        <zone name="Zone_hare" smin="0" smax="0" dmin="0" dmax="0" x="2490" z="12255" r="112.5"/>
    </territory>
    <territory color="3002332147">
        <zone name="Zone_hare" smin="0" smax="0" dmin="0" dmax="0" x="8805" z="11287.5" r="150"/>
        <zone name="Zone_hare" smin="0" smax="0" dmin="0" dmax="0" x="8497.5" z="11175" r="142.5"/>
        <zone name="Zone_hare" smin="0" smax="0" dmin="0" dmax="0" x="8572.5" z="11512.5" r="112.5"/>
    </territory>
    <territory color="3002332147">
        <zone name="Zone_hare" smin="0" smax="0" dmin="0" dmax="0" x="13467.5" z="17682.5" r="172.5"/>
    </territory>
    <territory color="3002332147">
        <zone name="Zone_hare" smin="0" smax="0" dmin="0" dmax="0" x="3592.5" z="12025" r="105"/>
    </territory>
    <territory color="3002332147">
        <zone name="Zone_hare" smin="0" smax="0" dmin="0" dmax="0" x="1082.5" z="16860" r="195"/>
        <zone name="Zone_hare" smin="0" smax="0" dmin="0" dmax="0" x="1907.5" z="16942.5" r="195"/>
        <zone name="Zone_hare" smin="0" smax="0" dmin="0" dmax="0" x="1615" z="16357.5" r="195"/>
        <zone name="Zone_hare" smin="0" smax="0" dmin="0" dmax="0" x="1015" z="17205" r="150"/>
        <zone name="Zone_hare" smin="0" smax="0" dmin="0" dmax="0" x="1420" z="16875" r="142.5"/>
        <zone name="Zone_hare" smin="0" smax="0" dmin="0" dmax="0" x="1960" z="17280" r="142.5"/>
        <zone name="Zone_hare" smin="0" smax="0" dmin="0" dmax="0" x="1555" z="17595" r="135"/>
        <zone name="Zone_hare" smin="0" smax="0" dmin="0" dmax="0" x="1652.5" z="16680" r="127.5"/>
        <zone name="Zone_hare" smin="0" smax="0" dmin="0" dmax="0" x="1345" z="16147.5" r="120"/>
        <zone name="Zone_hare" smin="0" smax="0" dmin="0" dmax="0" x="2207.5" z="16957.5" r="112.5"/>
    </territory>
    <territory color="3002332147">
        <zone name="Zone_hare" smin="0" smax="0" dmin="0" dmax="0" x="19685" z="6635" r="195"/>
        <zone name="Zone_hare" smin="0" smax="0" dmin="0" dmax="0" x="20045" z="7040" r="180"/>
        <zone name="Zone_hare" smin="0" smax="0" dmin="0" dmax="0" x="19355" z="6717.5" r="135"/>
        <zone name="Zone_hare" smin="0" smax="0" dmin="0" dmax="0" x="20367.5" z="7077.5" r="135"/>
        <zone name="Zone_hare" smin="0" smax="0" dmin="0" dmax="0" x="19692.5" z="7655" r="135"/>
        <zone name="Zone_hare" smin="0" smax="0" dmin="0" dmax="0" x="19685" z="6957.5" r="127.5"/>
        <zone name="Zone_hare" smin="0" smax="0" dmin="0" dmax="0" x="19040" z="7032.5" r="120"/>
        <zone name="Zone_hare" smin="0" smax="0" dmin="0" dmax="0" x="19745" z="6327.5" r="105"/>
        <zone name="Zone_hare" smin="0" smax="0" dmin="0" dmax="0" x="19947.5" z="6447.5" r="105"/>
        <zone name="Zone_hare" smin="0" smax="0" dmin="0" dmax="0" x="19452.5" z="7025" r="105"/>
    </territory>
    <territory color="3002332147">
        <zone name="Zone_hare" smin="0" smax="0" dmin="0" dmax="0" x="600" z="5482.5" r="120"/>
    </territory>
    <territory color="3002332147">
        <zone name="Zone_hare" smin="0" smax="0" dmin="0" dmax="0" x="4447.5" z="9595" r="195"/>
    </territory>
    <territory color="3002332147">
        <zone name="Zone_hare" smin="0" smax="0" dmin="0" dmax="0" x="18822.5" z="13807.5" r="195"/>
        <zone name="Zone_hare" smin="0" smax="0" dmin="0" dmax="0" x="19167.5" z="13470" r="127.5"/>
        <zone name="Zone_hare" smin="0" smax="0" dmin="0" dmax="0" x="19122.5" z="13912.5" r="105"/>
    </territory>
    <territory color="3002332147">
        <zone name="Zone_hare" smin="0" smax="0" dmin="0" dmax="0" x="15797.5" z="16922.5" r="195"/>
        <zone name="Zone_hare" smin="0" smax="0" dmin="0" dmax="0" x="16397.5" z="17972.5" r="150"/>
        <zone name="Zone_hare" smin="0" smax="0" dmin="0" dmax="0" x="16090" z="16622.5" r="142.5"/>
    </territory>
    <territory color="3002332147">
        <zone name="Zone_hare" smin="0" smax="0" dmin="0" dmax="0" x="1327.5" z="690" r="150"/>
        <zone name="Zone_hare" smin="0" smax="0" dmin="0" dmax="0" x="2190" z="795" r="127.5"/>
    </territory>
    <territory color="3002332147">
        <zone name="Zone_hare" smin="0" smax="0" dmin="0" dmax="0" x="1837.5" z="7777.5" r="157.5"/>
        <zone name="Zone_hare" smin="0" smax="0" dmin="0" dmax="0" x="2760" z="8055" r="135"/>
        <zone name="Zone_hare" smin="0" smax="0" dmin="0" dmax="0" x="2250" z="7357.5" r="127.5"/>
        <zone name="Zone_hare" smin="0" smax="0" dmin="0" dmax="0" x="2632.5" z="8602.5" r="120"/>
        <zone name="Zone_hare" smin="0" smax="0" dmin="0" dmax="0" x="2587.5" z="8280" r="112.5"/>
    </territory>
    <territory color="3002332147">
        <zone name="Zone_hare" smin="0" smax="0" dmin="0" dmax="0" x="4980" z="13665" r="120"/>
    </territory>
    <territory color="3002332147">
        <zone name="Zone_hare" smin="0" smax="0" dmin="0" dmax="0" x="1170" z="3772.5" r="195"/>
    </territory>
    <territory color="3002332147">
        <zone name="Zone_hare" smin="0" smax="0" dmin="0" dmax="0" x="2325" z="12802.5" r="127.5"/>
    </territory>
    <territory color="3002332147">
        <zone name="Zone_hare" smin="0" smax="0" dmin="0" dmax="0" x="3825" z="13410" r="157.5"/>
    </territory>
    <territory color="3002332147">
        <zone name="Zone_hare" smin="0" smax="0" dmin="0" dmax="0" x="6570" z="13170" r="120"/>
    </territory>
    <territory color="3002332147">
        <zone name="Zone_hare" smin="0" smax="0" dmin="0" dmax="0" x="13230" z="13425" r="180"/>
    </territory>
    <territory color="3002332147">
        <zone name="Zone_hare" smin="0" smax="0" dmin="0" dmax="0" x="19387.5" z="3460" r="157.5"/>
        <zone name="Zone_hare" smin="0" smax="0" dmin="0" dmax="0" x="19080" z="3430" r="150"/>
        <zone name="Zone_hare" smin="0" smax="0" dmin="0" dmax="0" x="19192.5" z="2792.5" r="120"/>
        <zone name="Zone_hare" smin="0" smax="0" dmin="0" dmax="0" x="19710" z="3460" r="112.5"/>
    </territory>
    <territory color="3002332147">
        <zone name="Zone_hare" smin="0" smax="0" dmin="0" dmax="0" x="2542.5" z="15015" r="165"/>
        <zone name="Zone_hare" smin="0" smax="0" dmin="0" dmax="0" x="2902.5" z="15255" r="120"/>
    </territory>
    <territory color="3002332147">
        <zone name="Zone_hare" smin="0" smax="0" dmin="0" dmax="0" x="8675" z="11277.5" r="142.5"/>
    </territory>
    <territory color="3002332147">
        <zone name="Zone_hare" smin="0" smax="0" dmin="0" dmax="0" x="7260" z="10322.5" r="105"/>
    </territory>
    <territory color="3002332147">
        <zone name="Zone_hare" smin="0" smax="0" dmin="0" dmax="0" x="3015" z="10320" r="195"/>
        <zone name="Zone_hare" smin="0" smax="0" dmin="0" dmax="0" x="3457.5" z="10850" r="195"/>
        <zone name="Zone_hare" smin="0" smax="0" dmin="0" dmax="0" x="2655" z="10332.5" r="172.5"/>
        <zone name="Zone_hare" smin="0" smax="0" dmin="0" dmax="0" x="3337.5" z="10332.5" r="135"/>
        <zone name="Zone_hare" smin="0" smax="0" dmin="0" dmax="0" x="3142.5" z="10852.5" r="127.5"/>
        <zone name="Zone_hare" smin="0" smax="0" dmin="0" dmax="0" x="3307.5" z="11150" r="112.5"/>
        <zone name="Zone_hare" smin="0" smax="0" dmin="0" dmax="0" x="2242.5" z="10677.5" r="105"/>
    </territory>
    <territory color="3002332147">
        <zone name="Zone_hare" smin="0" smax="0" dmin="0" dmax="0" x="345" z="11155" r="112.5"/>
    </territory>
    <territory color="3002332147">
        <zone name="Zone_hare" smin="0" smax="0" dmin="0" dmax="0" x="3660" z="10200" r="195"/>
        <zone name="Zone_hare" smin="0" smax="0" dmin="0" dmax="0" x="4207.5" z="9472.5" r="195"/>
        <zone name="Zone_hare" smin="0" smax="0" dmin="0" dmax="0" x="4507.5" z="9217.5" r="195"/>
        <zone name="Zone_hare" smin="0" smax="0" dmin="0" dmax="0" x="3390" z="9105" r="195"/>
        <zone name="Zone_hare" smin="0" smax="0" dmin="0" dmax="0" x="3855" z="9307.5" r="172.5"/>
        <zone name="Zone_hare" smin="0" smax="0" dmin="0" dmax="0" x="3270" z="9480" r="172.5"/>
        <zone name="Zone_hare" smin="0" smax="0" dmin="0" dmax="0" x="4297.5" z="9840" r="172.5"/>
        <zone name="Zone_hare" smin="0" smax="0" dmin="0" dmax="0" x="3907.5" z="9592.5" r="112.5"/>
        <zone name="Zone_hare" smin="0" smax="0" dmin="0" dmax="0" x="4357.5" z="8940" r="105"/>
        <zone name="Zone_hare" smin="0" smax="0" dmin="0" dmax="0" x="3952.5" z="10072.5" r="105"/>
    </territory>
    <territory color="3002332147">
        <zone name="Zone_hare" smin="0" smax="0" dmin="0" dmax="0" x="5370" z="5662.5" r="112.5"/>
    </territory>
    <territory color="3002332147">
        <zone name="Zone_hare" smin="0" smax="0" dmin="0" dmax="0" x="10537.5" z="5925" r="105"/>
    </territory>
    <territory color="3002332147">
        <zone name="Zone_hare" smin="0" smax="0" dmin="0" dmax="0" x="1215" z="7432.5" r="112.5"/>
    </territory>
    <territory color="3002332147">
        <zone name="Zone_hare" smin="0" smax="0" dmin="0" dmax="0" x="13382.5" z="3102.5" r="195"/>
        <zone name="Zone_hare" smin="0" smax="0" dmin="0" dmax="0" x="13405" z="3492.5" r="195"/>
        <zone name="Zone_hare" smin="0" smax="0" dmin="0" dmax="0" x="12880" z="3132.5" r="195"/>
        <zone name="Zone_hare" smin="0" smax="0" dmin="0" dmax="0" x="12670" z="3965" r="195"/>
        <zone name="Zone_hare" smin="0" smax="0" dmin="0" dmax="0" x="13772.5" z="3890" r="195"/>
        <zone name="Zone_hare" smin="0" smax="0" dmin="0" dmax="0" x="12272.5" z="3672.5" r="195"/>
        <zone name="Zone_hare" smin="0" smax="0" dmin="0" dmax="0" x="13442.5" z="3830" r="142.5"/>
        <zone name="Zone_hare" smin="0" smax="0" dmin="0" dmax="0" x="12662.5" z="3627.5" r="120"/>
        <zone name="Zone_hare" smin="0" smax="0" dmin="0" dmax="0" x="13195" z="3762.5" r="112.5"/>
    </territory>
    <territory color="3002332147">
        <zone name="Zone_hare" smin="0" smax="0" dmin="0" dmax="0" x="4777.5" z="4470" r="127.5"/>
    </territory>
    <territory color="3002332147">
        <zone name="Zone_hare" smin="0" smax="0" dmin="0" dmax="0" x="14342.5" z="18845" r="165"/>
        <zone name="Zone_hare" smin="0" smax="0" dmin="0" dmax="0" x="13697.5" z="19205" r="157.5"/>
        <zone name="Zone_hare" smin="0" smax="0" dmin="0" dmax="0" x="14762.5" z="18702.5" r="142.5"/>
        <zone name="Zone_hare" smin="0" smax="0" dmin="0" dmax="0" x="14230" z="19115" r="112.5"/>
    </territory>
    <territory color="3002332147">
        <zone name="Zone_hare" smin="0" smax="0" dmin="0" dmax="0" x="8020" z="10587.5" r="195"/>
    </territory>
    <territory color="3002332147">
        <zone name="Zone_hare" smin="0" smax="0" dmin="0" dmax="0" x="16175" z="9902.5" r="195"/>
    </territory>
    <territory color="3002332147">
        <zone name="Zone_hare" smin="0" smax="0" dmin="0" dmax="0" x="3015" z="4935" r="195"/>
        <zone name="Zone_hare" smin="0" smax="0" dmin="0" dmax="0" x="1957.5" z="5355" r="195"/>
        <zone name="Zone_hare" smin="0" smax="0" dmin="0" dmax="0" x="2310" z="4830" r="187.5"/>
        <zone name="Zone_hare" smin="0" smax="0" dmin="0" dmax="0" x="2047.5" z="4417.5" r="112.5"/>
        <zone name="Zone_hare" smin="0" smax="0" dmin="0" dmax="0" x="2722.5" z="4845" r="105"/>
        <zone name="Zone_hare" smin="0" smax="0" dmin="0" dmax="0" x="1890" z="5062.5" r="105"/>
    </territory>
    <territory color="3002332147">
        <zone name="Zone_hare" smin="0" smax="0" dmin="0" dmax="0" x="1080" z="4275" r="180"/>
        <zone name="Zone_hare" smin="0" smax="0" dmin="0" dmax="0" x="1335" z="4560" r="150"/>
        <zone name="Zone_hare" smin="0" smax="0" dmin="0" dmax="0" x="900" z="4605" r="135"/>
    </territory>
    <territory color="3002332147">
        <zone name="Zone_hare" smin="0" smax="0" dmin="0" dmax="0" x="16767.5" z="5460" r="157.5"/>
        <zone name="Zone_hare" smin="0" smax="0" dmin="0" dmax="0" x="17922.5" z="4815" r="120"/>
        <zone name="Zone_hare" smin="0" smax="0" dmin="0" dmax="0" x="17367.5" z="5302.5" r="105"/>
    </territory>
    <territory color="3002332147">
        <zone name="Zone_hare" smin="0" smax="0" dmin="0" dmax="0" x="105" z="2212.5" r="112.5"/>
    </territory>
    <territory color="3002332147">
        <zone name="Zone_hare" smin="0" smax="0" dmin="0" dmax="0" x="16197.5" z="7657.5" r="195"/>
        <zone name="Zone_hare" smin="0" smax="0" dmin="0" dmax="0" x="16812.5" z="7605" r="195"/>
        <zone name="Zone_hare" smin="0" smax="0" dmin="0" dmax="0" x="16602.5" z="8070" r="187.5"/>
        <zone name="Zone_hare" smin="0" smax="0" dmin="0" dmax="0" x="17232.5" z="7852.5" r="157.5"/>
        <zone name="Zone_hare" smin="0" smax="0" dmin="0" dmax="0" x="16940" z="7950" r="150"/>
        <zone name="Zone_hare" smin="0" smax="0" dmin="0" dmax="0" x="16467.5" z="8520" r="142.5"/>
        <zone name="Zone_hare" smin="0" smax="0" dmin="0" dmax="0" x="17352.5" z="8407.5" r="135"/>
        <zone name="Zone_hare" smin="0" smax="0" dmin="0" dmax="0" x="17502.5" z="7942.5" r="120"/>
        <zone name="Zone_hare" smin="0" smax="0" dmin="0" dmax="0" x="15995" z="7920" r="105"/>
    </territory>
    <territory color="3002332147">
        <zone name="Zone_hare" smin="0" smax="0" dmin="0" dmax="0" x="7615" z="7085" r="157.5"/>
        <zone name="Zone_hare" smin="0" smax="0" dmin="0" dmax="0" x="7510" z="7790" r="150"/>
        <zone name="Zone_hare" smin="0" smax="0" dmin="0" dmax="0" x="7975" z="8247.5" r="150"/>
        <zone name="Zone_hare" smin="0" smax="0" dmin="0" dmax="0" x="8582.5" z="7272.5" r="135"/>
        <zone name="Zone_hare" smin="0" smax="0" dmin="0" dmax="0" x="7900" z="7527.5" r="135"/>
        <zone name="Zone_hare" smin="0" smax="0" dmin="0" dmax="0" x="8117.5" z="7782.5" r="135"/>
        <zone name="Zone_hare" smin="0" smax="0" dmin="0" dmax="0" x="7142.5" z="7602.5" r="120"/>
    </territory>
    <territory color="3002332147">
        <zone name="Zone_hare" smin="0" smax="0" dmin="0" dmax="0" x="16612.5" z="14685" r="195"/>
        <zone name="Zone_hare" smin="0" smax="0" dmin="0" dmax="0" x="17257.5" z="13875" r="172.5"/>
        <zone name="Zone_hare" smin="0" smax="0" dmin="0" dmax="0" x="17100" z="14197.5" r="157.5"/>
        <zone name="Zone_hare" smin="0" smax="0" dmin="0" dmax="0" x="17490" z="14205" r="150"/>
        <zone name="Zone_hare" smin="0" smax="0" dmin="0" dmax="0" x="16912.5" z="14445" r="150"/>
        <zone name="Zone_hare" smin="0" smax="0" dmin="0" dmax="0" x="16635" z="14992.5" r="112.5"/>
        <zone name="Zone_hare" smin="0" smax="0" dmin="0" dmax="0" x="16755" z="13987.5" r="105"/>
    </territory>
    <territory color="3002332147">
        <zone name="Zone_hare" smin="0" smax="0" dmin="0" dmax="0" x="5420" z="1112.5" r="105"/>
    </territory>
    <territory color="3002332147">
        <zone name="Zone_hare" smin="0" smax="0" dmin="0" dmax="0" x="6652.5" z="19542.5" r="195"/>
        <zone name="Zone_hare" smin="0" smax="0" dmin="0" dmax="0" x="157.5" z="10920" r="142.5"/>
        <zone name="Zone_hare" smin="0" smax="0" dmin="0" dmax="0" x="412.5" z="10867.5" r="105"/>
        <zone name="Zone_hare" smin="0" smax="0" dmin="0" dmax="0" x="6787.5" z="19257.5" r="105"/>
    </territory>
    <territory color="3002332147">
        <zone name="Zone_hare" smin="0" smax="0" dmin="0" dmax="0" x="14035" z="14470" r="105"/>
    </territory>
    <territory color="3002332147">
        <zone name="Zone_hare" smin="0" smax="0" dmin="0" dmax="0" x="2305" z="18485" r="172.5"/>
        <zone name="Zone_hare" smin="0" smax="0" dmin="0" dmax="0" x="1967.5" z="19422.5" r="142.5"/>
        <zone name="Zone_hare" smin="0" smax="0" dmin="0" dmax="0" x="3257.5" z="18612.5" r="135"/>
        <zone name="Zone_hare" smin="0" smax="0" dmin="0" dmax="0" x="3160" z="18972.5" r="127.5"/>
        <zone name="Zone_hare" smin="0" smax="0" dmin="0" dmax="0" x="2732.5" z="19250" r="112.5"/>
        <zone name="Zone_hare" smin="0" smax="0" dmin="0" dmax="0" x="2057.5" z="18672.5" r="105"/>
    </territory>
    <territory color="3002332147">
        <zone name="Zone_hare" smin="0" smax="0" dmin="0" dmax="0" x="15255" z="13575" r="105"/>
    </territory>
    <territory color="3002332147">
        <zone name="Zone_hare" smin="0" smax="0" dmin="0" dmax="0" x="8442.5" z="950" r="135"/>
        <zone name="Zone_hare" smin="0" smax="0" dmin="0" dmax="0" x="8690" z="920" r="120"/>
        <zone name="Zone_hare" smin="0" smax="0" dmin="0" dmax="0" x="8210" z="530" r="112.5"/>
    </territory>
    <territory color="3002332147">
        <zone name="Zone_hare" smin="0" smax="0" dmin="0" dmax="0" x="14445" z="14917.5" r="105"/>
    </territory>
    <territory color="3002332147">
        <zone name="Zone_hare" smin="0" smax="0" dmin="0" dmax="0" x="1560" z="12270" r="135"/>
    </territory>
    <territory color="3002332147">
        <zone name="Zone_hare" smin="0" smax="0" dmin="0" dmax="0" x="10750" z="16810" r="172.5"/>
        <zone name="Zone_hare" smin="0" smax="0" dmin="0" dmax="0" x="11882.5" z="16982.5" r="112.5"/>
        <zone name="Zone_hare" smin="0" smax="0" dmin="0" dmax="0" x="11470" z="16517.5" r="105"/>
    </territory>
    <territory color="3002332147">
        <zone name="Zone_hare" smin="0" smax="0" dmin="0" dmax="0" x="11190" z="5115" r="142.5"/>
        <zone name="Zone_hare" smin="0" smax="0" dmin="0" dmax="0" x="11085" z="4875" r="112.5"/>
    </territory>
    <territory color="3002332147">
        <zone name="Zone_hare" smin="0" smax="0" dmin="0" dmax="0" x="877.5" z="15210" r="165"/>
    </territory>
    <territory color="3002332147">
        <zone name="Zone_hare" smin="0" smax="0" dmin="0" dmax="0" x="7845" z="4522.5" r="120"/>
    </territory>
    <territory color="3002332147">
        <zone name="Zone_hare" smin="0" smax="0" dmin="0" dmax="0" x="17637.5" z="2062.5" r="127.5"/>
    </territory>
    <territory color="3002332147">
        <zone name="Zone_hare" smin="0" smax="0" dmin="0" dmax="0" x="17415" z="9167.5" r="127.5"/>
    </territory>
    <territory color="3002332147">
        <zone name="Zone_hare" smin="0" smax="0" dmin="0" dmax="0" x="4155" z="14032.5" r="112.5"/>
    </territory>
    <territory color="3002332147">
        <zone name="Zone_hare" smin="0" smax="0" dmin="0" dmax="0" x="12547.5" z="2017.5" r="195"/>
        <zone name="Zone_hare" smin="0" smax="0" dmin="0" dmax="0" x="13132.5" z="1455" r="142.5"/>
        <zone name="Zone_hare" smin="0" smax="0" dmin="0" dmax="0" x="13050" z="960" r="135"/>
        <zone name="Zone_hare" smin="0" smax="0" dmin="0" dmax="0" x="12915" z="1230" r="135"/>
        <zone name="Zone_hare" smin="0" smax="0" dmin="0" dmax="0" x="12877.5" z="1905" r="135"/>
        <zone name="Zone_hare" smin="0" smax="0" dmin="0" dmax="0" x="13125" z="1702.5" r="105"/>
    </territory>
    <territory color="3002332147">
        <zone name="Zone_hare" smin="0" smax="0" dmin="0" dmax="0" x="14050" z="9582.5" r="105"/>
        <zone name="Zone_hare" smin="0" smax="0" dmin="0" dmax="0" x="13877.5" z="9807.5" r="105"/>
    </territory>
    <territory color="3002332147">
        <zone name="Zone_hare" smin="0" smax="0" dmin="0" dmax="0" x="9792.5" z="18397.5" r="135"/>
        <zone name="Zone_hare" smin="0" smax="0" dmin="0" dmax="0" x="9837.5" z="17497.5" r="127.5"/>
        <zone name="Zone_hare" smin="0" smax="0" dmin="0" dmax="0" x="9957.5" z="18142.5" r="120"/>
        <zone name="Zone_hare" smin="0" smax="0" dmin="0" dmax="0" x="9867.5" z="18652.5" r="120"/>
        <zone name="Zone_hare" smin="0" smax="0" dmin="0" dmax="0" x="10190" z="18862.5" r="105"/>
    </territory>
    <territory color="3002332147">
        <zone name="Zone_hare" smin="0" smax="0" dmin="0" dmax="0" x="4447.5" z="5857.5" r="195"/>
        <zone name="Zone_hare" smin="0" smax="0" dmin="0" dmax="0" x="4807.5" z="5902.5" r="165"/>
        <zone name="Zone_hare" smin="0" smax="0" dmin="0" dmax="0" x="4170" z="5572.5" r="150"/>
        <zone name="Zone_hare" smin="0" smax="0" dmin="0" dmax="0" x="4245" z="6187.5" r="150"/>
        <zone name="Zone_hare" smin="0" smax="0" dmin="0" dmax="0" x="5062.5" z="5377.5" r="142.5"/>
        <zone name="Zone_hare" smin="0" smax="0" dmin="0" dmax="0" x="4515" z="6180" r="127.5"/>
        <zone name="Zone_hare" smin="0" smax="0" dmin="0" dmax="0" x="4695" z="5595" r="120"/>
        <zone name="Zone_hare" smin="0" smax="0" dmin="0" dmax="0" x="5137.5" z="5647.5" r="105"/>
        <zone name="Zone_hare" smin="0" smax="0" dmin="0" dmax="0" x="4852.5" z="6292.5" r="105"/>
    </territory>
    <territory color="3002332147">
        <zone name="Zone_hare" smin="0" smax="0" dmin="0" dmax="0" x="16812.5" z="11660" r="195"/>
        <zone name="Zone_hare" smin="0" smax="0" dmin="0" dmax="0" x="16212.5" z="12012.5" r="165"/>
        <zone name="Zone_hare" smin="0" smax="0" dmin="0" dmax="0" x="16542.5" z="12342.5" r="127.5"/>
        <zone name="Zone_hare" smin="0" smax="0" dmin="0" dmax="0" x="16572.5" z="11922.5" r="120"/>
        <zone name="Zone_hare" smin="0" smax="0" dmin="0" dmax="0" x="16647.5" z="11340" r="112.5"/>
        <zone name="Zone_hare" smin="0" smax="0" dmin="0" dmax="0" x="16122.5" z="11442.5" r="105"/>
    </territory>
    <territory color="3002332147">
        <zone name="Zone_hare" smin="0" smax="0" dmin="0" dmax="0" x="3727.5" z="7537.5" r="195"/>
        <zone name="Zone_hare" smin="0" smax="0" dmin="0" dmax="0" x="3367.5" z="7387.5" r="195"/>
        <zone name="Zone_hare" smin="0" smax="0" dmin="0" dmax="0" x="3375" z="6570" r="180"/>
        <zone name="Zone_hare" smin="0" smax="0" dmin="0" dmax="0" x="2655" z="6877.5" r="180"/>
        <zone name="Zone_hare" smin="0" smax="0" dmin="0" dmax="0" x="3015" z="7395" r="157.5"/>
        <zone name="Zone_hare" smin="0" smax="0" dmin="0" dmax="0" x="3360" z="7050" r="135"/>
        <zone name="Zone_hare" smin="0" smax="0" dmin="0" dmax="0" x="2572.5" z="7185" r="127.5"/>
        <zone name="Zone_hare" smin="0" smax="0" dmin="0" dmax="0" x="3652.5" z="7185" r="112.5"/>
    </territory>
    <territory color="3002332147">
        <zone name="Zone_hare" smin="0" smax="0" dmin="0" dmax="0" x="8092.5" z="5032.5" r="195"/>
        <zone name="Zone_hare" smin="0" smax="0" dmin="0" dmax="0" x="8047.5" z="6412.5" r="135"/>
        <zone name="Zone_hare" smin="0" smax="0" dmin="0" dmax="0" x="7725" z="5392.5" r="120"/>
        <zone name="Zone_hare" smin="0" smax="0" dmin="0" dmax="0" x="8257.5" z="6180" r="112.5"/>
        <zone name="Zone_hare" smin="0" smax="0" dmin="0" dmax="0" x="7980" z="5325" r="105"/>
    </territory>
    <territory color="3002332147">
        <zone name="Zone_hare" smin="0" smax="0" dmin="0" dmax="0" x="5212.5" z="3937.5" r="150"/>
    </territory>
    <territory color="3002332147">
        <zone name="Zone_hare" smin="0" smax="0" dmin="0" dmax="0" x="2700" z="13312.5" r="112.5"/>
    </territory>
    <territory color="3002332147">
        <zone name="Zone_hare" smin="0" smax="0" dmin="0" dmax="0" x="5040" z="12322.5" r="195"/>
        <zone name="Zone_hare" smin="0" smax="0" dmin="0" dmax="0" x="4245" z="12855" r="195"/>
        <zone name="Zone_hare" smin="0" smax="0" dmin="0" dmax="0" x="5032.5" z="13357.5" r="187.5"/>
        <zone name="Zone_hare" smin="0" smax="0" dmin="0" dmax="0" x="4717.5" z="12712.5" r="172.5"/>
        <zone name="Zone_hare" smin="0" smax="0" dmin="0" dmax="0" x="4432.5" z="12412.5" r="165"/>
        <zone name="Zone_hare" smin="0" smax="0" dmin="0" dmax="0" x="4192.5" z="13357.5" r="142.5"/>
        <zone name="Zone_hare" smin="0" smax="0" dmin="0" dmax="0" x="4717.5" z="12375" r="127.5"/>
        <zone name="Zone_hare" smin="0" smax="0" dmin="0" dmax="0" x="5392.5" z="12915" r="127.5"/>
        <zone name="Zone_hare" smin="0" smax="0" dmin="0" dmax="0" x="4717.5" z="13005" r="120"/>
        <zone name="Zone_hare" smin="0" smax="0" dmin="0" dmax="0" x="4590" z="13387.5" r="120"/>
    </territory>
    <territory color="3002332147">
        <zone name="Zone_hare" smin="0" smax="0" dmin="0" dmax="0" x="4042.5" z="5025" r="195"/>
        <zone name="Zone_hare" smin="0" smax="0" dmin="0" dmax="0" x="3847.5" z="5385" r="172.5"/>
        <zone name="Zone_hare" smin="0" smax="0" dmin="0" dmax="0" x="3210" z="4605" r="150"/>
        <zone name="Zone_hare" smin="0" smax="0" dmin="0" dmax="0" x="3870" z="4680" r="150"/>
        <zone name="Zone_hare" smin="0" smax="0" dmin="0" dmax="0" x="3600" z="4860" r="135"/>
    </territory>
    <territory color="3002332147">
        <zone name="Zone_hare" smin="0" smax="0" dmin="0" dmax="0" x="1500" z="11767.5" r="120"/>
    </territory>
    <territory color="3002332147">
        <zone name="Zone_hare" smin="0" smax="0" dmin="0" dmax="0" x="13012.5" z="5835" r="142.5"/>
    </territory>
    <territory color="3002332147">
        <zone name="Zone_hare" smin="0" smax="0" dmin="0" dmax="0" x="10267.5" z="7147.5" r="112.5"/>
    </territory>
    <territory color="3002332147">
        <zone name="Zone_hare" smin="0" smax="0" dmin="0" dmax="0" x="2887.5" z="13027.5" r="195"/>
        <zone name="Zone_hare" smin="0" smax="0" dmin="0" dmax="0" x="3907.5" z="12322.5" r="135"/>
        <zone name="Zone_hare" smin="0" smax="0" dmin="0" dmax="0" x="3675" z="12750" r="127.5"/>
    </territory>
    <territory color="3002332147">
        <zone name="Zone_hare" smin="0" smax="0" dmin="0" dmax="0" x="12952.5" z="5445" r="135"/>
    </territory>
    <territory color="3002332147">
        <zone name="Zone_hare" smin="0" smax="0" dmin="0" dmax="0" x="1942.5" z="12480" r="195"/>
    </territory>
    <territory color="3002332147">
        <zone name="Zone_hare" smin="0" smax="0" dmin="0" dmax="0" x="7327.5" z="3120" r="180"/>
        <zone name="Zone_hare" smin="0" smax="0" dmin="0" dmax="0" x="6202.5" z="2925" r="120"/>
    </territory>
    <territory color="3002332147">
        <zone name="Zone_hare" smin="0" smax="0" dmin="0" dmax="0" x="292.5" z="5437.5" r="195"/>
        <zone name="Zone_hare" smin="0" smax="0" dmin="0" dmax="0" x="202.5" z="5055" r="195"/>
    </territory>
    <territory color="3002332147">
        <zone name="Zone_hare" smin="0" smax="0" dmin="0" dmax="0" x="7625" z="12782.5" r="150"/>
    </territory>
    <territory color="3002332147">
        <zone name="Zone_hare" smin="0" smax="0" dmin="0" dmax="0" x="232.5" z="6697.5" r="195"/>
        <zone name="Zone_hare" smin="0" smax="0" dmin="0" dmax="0" x="202.5" z="6217.5" r="195"/>
        <zone name="Zone_hare" smin="0" smax="0" dmin="0" dmax="0" x="195" z="7095" r="195"/>
        <zone name="Zone_hare" smin="0" smax="0" dmin="0" dmax="0" x="180" z="7477.5" r="187.5"/>
        <zone name="Zone_hare" smin="0" smax="0" dmin="0" dmax="0" x="570" z="6652.5" r="142.5"/>
    </territory>
    <territory color="3002332147">
        <zone name="Zone_hare" smin="0" smax="0" dmin="0" dmax="0" x="10020" z="2422.5" r="142.5"/>
    </territory>
    <territory color="3002332147">
        <zone name="Zone_hare" smin="0" smax="0" dmin="0" dmax="0" x="1222.5" z="7695" r="150"/>
        <zone name="Zone_hare" smin="0" smax="0" dmin="0" dmax="0" x="937.5" z="7642.5" r="127.5"/>
    </territory>
    <territory color="3002332147">
        <zone name="Zone_hare" smin="0" smax="0" dmin="0" dmax="0" x="5882.5" z="16367.5" r="195"/>
        <zone name="Zone_hare" smin="0" smax="0" dmin="0" dmax="0" x="5020" z="15550" r="135"/>
        <zone name="Zone_hare" smin="0" smax="0" dmin="0" dmax="0" x="6190" z="16435" r="120"/>
        <zone name="Zone_hare" smin="0" smax="0" dmin="0" dmax="0" x="5897.5" z="16075" r="105"/>
    </territory>
    <territory color="3002332147">
        <zone name="Zone_hare" smin="0" smax="0" dmin="0" dmax="0" x="10192.5" z="2662.5" r="142.5"/>
    </territory>
    <territory color="3002332147">
        <zone name="Zone_hare" smin="0" smax="0" dmin="0" dmax="0" x="7215" z="13327.5" r="142.5"/>
    </territory>
    <territory color="3002332147">
        <zone name="Zone_hare" smin="0" smax="0" dmin="0" dmax="0" x="10620" z="10650" r="127.5"/>
        <zone name="Zone_hare" smin="0" smax="0" dmin="0" dmax="0" x="9907.5" z="10582.5" r="112.5"/>
        <zone name="Zone_hare" smin="0" smax="0" dmin="0" dmax="0" x="10657.5" z="11505" r="112.5"/>
    </territory>
    <territory color="3002332147">
        <zone name="Zone_hare" smin="0" smax="0" dmin="0" dmax="0" x="15367.5" z="12462.5" r="180"/>
    </territory>
    <territory color="3002332147">
        <zone name="Zone_hare" smin="0" smax="0" dmin="0" dmax="0" x="2070" z="4125" r="180"/>
        <zone name="Zone_hare" smin="0" smax="0" dmin="0" dmax="0" x="3277.5" z="3435" r="172.5"/>
        <zone name="Zone_hare" smin="0" smax="0" dmin="0" dmax="0" x="3187.5" z="4282.5" r="172.5"/>
        <zone name="Zone_hare" smin="0" smax="0" dmin="0" dmax="0" x="2940" z="3457.5" r="165"/>
        <zone name="Zone_hare" smin="0" smax="0" dmin="0" dmax="0" x="2895" z="4177.5" r="127.5"/>
        <zone name="Zone_hare" smin="0" smax="0" dmin="0" dmax="0" x="3067.5" z="3840" r="120"/>
        <zone name="Zone_hare" smin="0" smax="0" dmin="0" dmax="0" x="2647.5" z="3285" r="112.5"/>
    </territory>
    <territory color="3002332147">
        <zone name="Zone_hare" smin="0" smax="0" dmin="0" dmax="0" x="8082.5" z="10862.5" r="180"/>
    </territory>
    <territory color="3002332147">
        <zone name="Zone_hare" smin="0" smax="0" dmin="0" dmax="0" x="5692.5" z="13327.5" r="120"/>
    </territory>
    <territory color="3002332147">
        <zone name="Zone_hare" smin="0" smax="0" dmin="0" dmax="0" x="210" z="8107.5" r="195"/>
        <zone name="Zone_hare" smin="0" smax="0" dmin="0" dmax="0" x="255" z="7792.5" r="127.5"/>
    </territory>
    <territory color="3002332147">
        <zone name="Zone_hare" smin="0" smax="0" dmin="0" dmax="0" x="8325" z="3112.5" r="135"/>
    </territory>
    <territory color="3002332147">
        <zone name="Zone_hare" smin="0" smax="0" dmin="0" dmax="0" x="12975" z="13650" r="120"/>
    </territory>
    <territory color="3002332147">
        <zone name="Zone_hare" smin="0" smax="0" dmin="0" dmax="0" x="535" z="10452.5" r="195"/>
        <zone name="Zone_hare" smin="0" smax="0" dmin="0" dmax="0" x="727.5" z="9872.5" r="195"/>
        <zone name="Zone_hare" smin="0" smax="0" dmin="0" dmax="0" x="727.5" z="9442.5" r="135"/>
        <zone name="Zone_hare" smin="0" smax="0" dmin="0" dmax="0" x="630" z="9127.5" r="120"/>
    </territory>
    <territory color="3002332147">
        <zone name="Zone_hare" smin="0" smax="0" dmin="0" dmax="0" x="10207.5" z="2910" r="105"/>
    </territory>
    <territory color="3002332147">
        <zone name="Zone_hare" smin="0" smax="0" dmin="0" dmax="0" x="11925" z="6727.5" r="195"/>
        <zone name="Zone_hare" smin="0" smax="0" dmin="0" dmax="0" x="12772.5" z="5767.5" r="105"/>
    </territory>
    <territory color="3002332147">
        <zone name="Zone_hare" smin="0" smax="0" dmin="0" dmax="0" x="8542.5" z="6345" r="195"/>
        <zone name="Zone_hare" smin="0" smax="0" dmin="0" dmax="0" x="8910" z="6052.5" r="180"/>
        <zone name="Zone_hare" smin="0" smax="0" dmin="0" dmax="0" x="8857.5" z="6420" r="120"/>
        <zone name="Zone_hare" smin="0" smax="0" dmin="0" dmax="0" x="9712.5" z="6097.5" r="112.5"/>
    </territory>
    <territory color="3002332147">
        <zone name="Zone_hare" smin="0" smax="0" dmin="0" dmax="0" x="3960" z="7117.5" r="195"/>
        <zone name="Zone_hare" smin="0" smax="0" dmin="0" dmax="0" x="4477.5" z="7762.5" r="195"/>
        <zone name="Zone_hare" smin="0" smax="0" dmin="0" dmax="0" x="4650" z="7177.5" r="195"/>
        <zone name="Zone_hare" smin="0" smax="0" dmin="0" dmax="0" x="4125" z="6727.5" r="195"/>
        <zone name="Zone_hare" smin="0" smax="0" dmin="0" dmax="0" x="5070" z="7207.5" r="180"/>
        <zone name="Zone_hare" smin="0" smax="0" dmin="0" dmax="0" x="4057.5" z="7455" r="142.5"/>
        <zone name="Zone_hare" smin="0" smax="0" dmin="0" dmax="0" x="4380" z="7440" r="135"/>
        <zone name="Zone_hare" smin="0" smax="0" dmin="0" dmax="0" x="5025" z="6780" r="127.5"/>
        <zone name="Zone_hare" smin="0" smax="0" dmin="0" dmax="0" x="5055" z="7515" r="127.5"/>
        <zone name="Zone_hare" smin="0" smax="0" dmin="0" dmax="0" x="4635" z="7477.5" r="105"/>
    </territory>
    <territory color="3002332147">
        <zone name="Zone_hare" smin="0" smax="0" dmin="0" dmax="0" x="11677.5" z="5610" r="112.5"/>
    </territory>
    <territory color="3002332147">
        <zone name="Zone_hare" smin="0" smax="0" dmin="0" dmax="0" x="1830" z="2925" r="180"/>
        <zone name="Zone_hare" smin="0" smax="0" dmin="0" dmax="0" x="2137.5" z="2880" r="135"/>
        <zone name="Zone_hare" smin="0" smax="0" dmin="0" dmax="0" x="1507.5" z="3450" r="135"/>
        <zone name="Zone_hare" smin="0" smax="0" dmin="0" dmax="0" x="1657.5" z="3225" r="105"/>
    </territory>
    <territory color="3002332147">
        <zone name="Zone_hare" smin="0" smax="0" dmin="0" dmax="0" x="3247.5" z="2895" r="195"/>
        <zone name="Zone_hare" smin="0" smax="0" dmin="0" dmax="0" x="3165" z="2190" r="180"/>
        <zone name="Zone_hare" smin="0" smax="0" dmin="0" dmax="0" x="2760" z="2910" r="150"/>
        <zone name="Zone_hare" smin="0" smax="0" dmin="0" dmax="0" x="3862.5" z="2955" r="150"/>
        <zone name="Zone_hare" smin="0" smax="0" dmin="0" dmax="0" x="2752.5" z="2092.5" r="120"/>
        <zone name="Zone_hare" smin="0" smax="0" dmin="0" dmax="0" x="4215" z="2467.5" r="105"/>
        <zone name="Zone_hare" smin="0" smax="0" dmin="0" dmax="0" x="3637.5" z="2790" r="105"/>
    </territory>
    <territory color="3002332147">
        <zone name="Zone_hare" smin="0" smax="0" dmin="0" dmax="0" x="16545" z="592.5" r="195"/>
        <zone name="Zone_hare" smin="0" smax="0" dmin="0" dmax="0" x="16162.5" z="517.5" r="195"/>
        <zone name="Zone_hare" smin="0" smax="0" dmin="0" dmax="0" x="16177.5" z="1170" r="187.5"/>
        <zone name="Zone_hare" smin="0" smax="0" dmin="0" dmax="0" x="15495" z="360" r="150"/>
        <zone name="Zone_hare" smin="0" smax="0" dmin="0" dmax="0" x="16507.5" z="1245" r="150"/>
        <zone name="Zone_hare" smin="0" smax="0" dmin="0" dmax="0" x="15420" z="652.5" r="142.5"/>
        <zone name="Zone_hare" smin="0" smax="0" dmin="0" dmax="0" x="15270" z="922.5" r="135"/>
    </territory>
    <territory color="3002332147">
        <zone name="Zone_hare" smin="0" smax="0" dmin="0" dmax="0" x="6622.5" z="4665" r="112.5"/>
        <zone name="Zone_hare" smin="0" smax="0" dmin="0" dmax="0" x="6885" z="5257.5" r="105"/>
    </territory>
    <territory color="3002332147">
        <zone name="Zone_hare" smin="0" smax="0" dmin="0" dmax="0" x="217.5" z="2857.5" r="195"/>
    </territory>
    <territory color="3002332147">
        <zone name="Zone_hare" smin="0" smax="0" dmin="0" dmax="0" x="1485" z="5272.5" r="157.5"/>
    </territory>
    <territory color="3002332147">
        <zone name="Zone_hare" smin="0" smax="0" dmin="0" dmax="0" x="15507.5" z="12327.5" r="150"/>
    </territory>
    <territory color="3002332147">
        <zone name="Zone_hare" smin="0" smax="0" dmin="0" dmax="0" x="1980" z="15157.5" r="195"/>
        <zone name="Zone_hare" smin="0" smax="0" dmin="0" dmax="0" x="1597.5" z="15187.5" r="187.5"/>
        <zone name="Zone_hare" smin="0" smax="0" dmin="0" dmax="0" x="1935" z="14835" r="135"/>
        <zone name="Zone_hare" smin="0" smax="0" dmin="0" dmax="0" x="1282.5" z="15195" r="127.5"/>
        <zone name="Zone_hare" smin="0" smax="0" dmin="0" dmax="0" x="2272.5" z="15052.5" r="105"/>
    </territory>
    <territory color="3002332147">
        <zone name="Zone_hare" smin="0" smax="0" dmin="0" dmax="0" x="4327.5" z="3697.5" r="112.5"/>
        <zone name="Zone_hare" smin="0" smax="0" dmin="0" dmax="0" x="4950" z="4042.5" r="112.5"/>
        <zone name="Zone_hare" smin="0" smax="0" dmin="0" dmax="0" x="3690" z="3802.5" r="105"/>
    </territory>
    <territory color="3002332147">
        <zone name="Zone_hare" smin="0" smax="0" dmin="0" dmax="0" x="7935" z="12187.5" r="150"/>
        <zone name="Zone_hare" smin="0" smax="0" dmin="0" dmax="0" x="7680" z="13080" r="127.5"/>
        <zone name="Zone_hare" smin="0" smax="0" dmin="0" dmax="0" x="7207.5" z="12607.5" r="112.5"/>
        <zone name="Zone_hare" smin="0" smax="0" dmin="0" dmax="0" x="7440" z="13102.5" r="112.5"/>
        <zone name="Zone_hare" smin="0" smax="0" dmin="0" dmax="0" x="8107.5" z="11970" r="105"/>
    </territory>
    <territory color="3002332147">
        <zone name="Zone_hare" smin="0" smax="0" dmin="0" dmax="0" x="2205" z="10027.5" r="195"/>
        <zone name="Zone_hare" smin="0" smax="0" dmin="0" dmax="0" x="2010" z="9202.5" r="195"/>
        <zone name="Zone_hare" smin="0" smax="0" dmin="0" dmax="0" x="1957.5" z="9547.5" r="150"/>
        <zone name="Zone_hare" smin="0" smax="0" dmin="0" dmax="0" x="2902.5" z="8910" r="135"/>
        <zone name="Zone_hare" smin="0" smax="0" dmin="0" dmax="0" x="2745" z="9285" r="135"/>
        <zone name="Zone_hare" smin="0" smax="0" dmin="0" dmax="0" x="1710" z="9180" r="112.5"/>
        <zone name="Zone_hare" smin="0" smax="0" dmin="0" dmax="0" x="2452.5" z="8790" r="105"/>
        <zone name="Zone_hare" smin="0" smax="0" dmin="0" dmax="0" x="1882.5" z="8887.5" r="105"/>
        <zone name="Zone_hare" smin="0" smax="0" dmin="0" dmax="0" x="2497.5" z="9937.5" r="105"/>
    </territory>
    <territory color="3002332147">
        <zone name="Zone_hare" smin="0" smax="0" dmin="0" dmax="0" x="2242.5" z="6442.5" r="135"/>
    </territory>
    <territory color="3002332147">
        <zone name="Zone_hare" smin="0" smax="0" dmin="0" dmax="0" x="1515" z="9945" r="120"/>
        <zone name="Zone_hare" smin="0" smax="0" dmin="0" dmax="0" x="1282.5" z="9990" r="112.5"/>
        <zone name="Zone_hare" smin="0" smax="0" dmin="0" dmax="0" x="555" z="10222.5" r="112.5"/>
    </territory>
    <territory color="3002332147">
        <zone name="Zone_hare" smin="0" smax="0" dmin="0" dmax="0" x="14830" z="1947.5" r="112.5"/>
    </territory>
    <territory color="3002332147">
        <zone name="Zone_hare" smin="0" smax="0" dmin="0" dmax="0" x="8460" z="9652.5" r="195"/>
        <zone name="Zone_hare" smin="0" smax="0" dmin="0" dmax="0" x="7800" z="9540" r="195"/>
        <zone name="Zone_hare" smin="0" smax="0" dmin="0" dmax="0" x="7207.5" z="9630" r="165"/>
        <zone name="Zone_hare" smin="0" smax="0" dmin="0" dmax="0" x="7807.5" z="9202.5" r="150"/>
        <zone name="Zone_hare" smin="0" smax="0" dmin="0" dmax="0" x="8130" z="9570" r="142.5"/>
        <zone name="Zone_hare" smin="0" smax="0" dmin="0" dmax="0" x="7485" z="9510" r="127.5"/>
        <zone name="Zone_hare" smin="0" smax="0" dmin="0" dmax="0" x="8152.5" z="9840" r="127.5"/>
        <zone name="Zone_hare" smin="0" smax="0" dmin="0" dmax="0" x="8302.5" z="9195" r="120"/>
        <zone name="Zone_hare" smin="0" smax="0" dmin="0" dmax="0" x="7725" z="10110" r="105"/>
    </territory>
</territory-type>
