<?xml version="1.0" encoding="UTF-8"?>
<territory-type>
    <territory color="3556750600">
        <zone name="Zone_hen" smin="0" smax="0" dmin="0" dmax="0" x="18180" z="3730" r="120"/>
    </territory>
    <territory color="3556750600">
        <zone name="Zone_hen" smin="0" smax="0" dmin="0" dmax="0" x="4132.5" z="11062.5" r="97.5"/>
        <zone name="Zone_hen" smin="0" smax="0" dmin="0" dmax="0" x="4102.5" z="10740" r="82.5"/>
    </territory>
    <territory color="3556750600">
        <zone name="Zone_hen" smin="0" smax="0" dmin="0" dmax="0" x="2737.5" z="5362.5" r="150"/>
        <zone name="Zone_hen" smin="0" smax="0" dmin="0" dmax="0" x="2640" z="5092.5" r="135"/>
        <zone name="Zone_hen" smin="0" smax="0" dmin="0" dmax="0" x="2295" z="5227.5" r="120"/>
        <zone name="Zone_hen" smin="0" smax="0" dmin="0" dmax="0" x="2617.5" z="5617.5" r="112.5"/>
        <zone name="Zone_hen" smin="0" smax="0" dmin="0" dmax="0" x="2970" z="5407.5" r="90"/>
        <zone name="Zone_hen" smin="0" smax="0" dmin="0" dmax="0" x="2662.5" z="5977.5" r="90"/>
        <zone name="Zone_hen" smin="0" smax="0" dmin="0" dmax="0" x="2505" z="5407.5" r="82.5"/>
        <zone name="Zone_hen" smin="0" smax="0" dmin="0" dmax="0" x="3187.5" z="5197.5" r="75"/>
    </territory>
    <territory color="3556750600">
        <zone name="Zone_hen" smin="0" smax="0" dmin="0" dmax="0" x="2512.5" z="9660" r="105"/>
    </territory>
    <territory color="3556750600">
        <zone name="Zone_hen" smin="0" smax="0" dmin="0" dmax="0" x="6585" z="6037.5" r="90"/>
        <zone name="Zone_hen" smin="0" smax="0" dmin="0" dmax="0" x="6765" z="5595" r="82.5"/>
    </territory>
    <territory color="3556750600">
        <zone name="Zone_hen" smin="0" smax="0" dmin="0" dmax="0" x="4325" z="12402.5" r="82.5"/>
    </territory>
    <territory color="3556750600">
        <zone name="Zone_hen" smin="0" smax="0" dmin="0" dmax="0" x="1522.5" z="12022.5" r="127.5"/>
        <zone name="Zone_hen" smin="0" smax="0" dmin="0" dmax="0" x="1267.5" z="12037.5" r="127.5"/>
        <zone name="Zone_hen" smin="0" smax="0" dmin="0" dmax="0" x="1912.5" z="12000" r="105"/>
        <zone name="Zone_hen" smin="0" smax="0" dmin="0" dmax="0" x="2032.5" z="12172.5" r="97.5"/>
        <zone name="Zone_hen" smin="0" smax="0" dmin="0" dmax="0" x="2377.5" z="11805" r="75"/>
        <zone name="Zone_hen" smin="0" smax="0" dmin="0" dmax="0" x="2505" z="11992.5" r="75"/>
        <zone name="Zone_hen" smin="0" smax="0" dmin="0" dmax="0" x="2242.5" z="12225" r="75"/>
    </territory>
    <territory color="3556750600">
        <zone name="Zone_hen" smin="0" smax="0" dmin="0" dmax="0" x="15815" z="10682.5" r="82.5"/>
    </territory>
    <territory color="3556750600">
        <zone name="Zone_hen" smin="0" smax="0" dmin="0" dmax="0" x="3740" z="14167.5" r="82.5"/>
        <zone name="Zone_hen" smin="0" smax="0" dmin="0" dmax="0" x="4055" z="13725" r="75"/>
        <zone name="Zone_hen" smin="0" smax="0" dmin="0" dmax="0" x="4385" z="13950" r="75"/>
        <zone name="Zone_hen" smin="0" smax="0" dmin="0" dmax="0" x="900" z="19160" r="150"/>
    </territory>
    <territory color="3556750600">
        <zone name="Zone_hen" smin="0" smax="0" dmin="0" dmax="0" x="1495" z="19025" r="150"/>
        <zone name="Zone_hen" smin="0" smax="0" dmin="0" dmax="0" x="1350" z="18720" r="150"/>
        <zone name="Zone_hen" smin="0" smax="0" dmin="0" dmax="0" x="1640" z="18340" r="150"/>
    </territory>
    <territory color="3556750600">
        <zone name="Zone_hen" smin="0" smax="0" dmin="0" dmax="0" x="4680" z="6322.5" r="75"/>
    </territory>
    <territory color="3556750600">
        <zone name="Zone_hen" smin="0" smax="0" dmin="0" dmax="0" x="11442.5" z="19225" r="150"/>
        <zone name="Zone_hen" smin="0" smax="0" dmin="0" dmax="0" x="11150" z="19232.5" r="142.5"/>
        <zone name="Zone_hen" smin="0" smax="0" dmin="0" dmax="0" x="11295" z="20230" r="105"/>
        <zone name="Zone_hen" smin="0" smax="0" dmin="0" dmax="0" x="10762.5" z="19080" r="97.5"/>
        <zone name="Zone_hen" smin="0" smax="0" dmin="0" dmax="0" x="10935" z="18835" r="82.5"/>
        <zone name="Zone_hen" smin="0" smax="0" dmin="0" dmax="0" x="11615" z="19037.5" r="82.5"/>
        <zone name="Zone_hen" smin="0" smax="0" dmin="0" dmax="0" x="10522.5" z="19177.5" r="82.5"/>
        <zone name="Zone_hen" smin="0" smax="0" dmin="0" dmax="0" x="10947.5" z="19165" r="75"/>
        <zone name="Zone_hen" smin="0" smax="0" dmin="0" dmax="0" x="11647.5" z="19195" r="75"/>
    </territory>
    <territory color="3556750600">
        <zone name="Zone_hen" smin="0" smax="0" dmin="0" dmax="0" x="13022.5" z="13522.5" r="90"/>
        <zone name="Zone_hen" smin="0" smax="0" dmin="0" dmax="0" x="13220" z="13270" r="90"/>
        <zone name="Zone_hen" smin="0" smax="0" dmin="0" dmax="0" x="13400" z="13860" r="90"/>
    </territory>
    <territory color="3556750600">
        <zone name="Zone_hen" smin="0" smax="0" dmin="0" dmax="0" x="3442.5" z="14790" r="90"/>
    </territory>
    <territory color="3556750600">
        <zone name="Zone_hen" smin="0" smax="0" dmin="0" dmax="0" x="1065" z="13890" r="75"/>
    </territory>
    <territory color="3556750600">
        <zone name="Zone_hen" smin="0" smax="0" dmin="0" dmax="0" x="12862.5" z="4455" r="97.5"/>
        <zone name="Zone_hen" smin="0" smax="0" dmin="0" dmax="0" x="12637.5" z="4380" r="82.5"/>
    </territory>
    <territory color="3556750600">
        <zone name="Zone_hen" smin="0" smax="0" dmin="0" dmax="0" x="5752.5" z="19685" r="150"/>
        <zone name="Zone_hen" smin="0" smax="0" dmin="0" dmax="0" x="5520" z="19737.5" r="82.5"/>
    </territory>
    <territory color="3556750600">
        <zone name="Zone_hen" smin="0" smax="0" dmin="0" dmax="0" x="15240" z="15057.5" r="105"/>
        <zone name="Zone_hen" smin="0" smax="0" dmin="0" dmax="0" x="14370" z="14922.5" r="97.5"/>
        <zone name="Zone_hen" smin="0" smax="0" dmin="0" dmax="0" x="15390" z="14847.5" r="82.5"/>
    </territory>
    <territory color="3556750600">
        <zone name="Zone_hen" smin="0" smax="0" dmin="0" dmax="0" x="9142.5" z="4095" r="82.5"/>
        <zone name="Zone_hen" smin="0" smax="0" dmin="0" dmax="0" x="9255" z="4972.5" r="75"/>
    </territory>
    <territory color="3556750600">
        <zone name="Zone_hen" smin="0" smax="0" dmin="0" dmax="0" x="10245" z="2040" r="150"/>
        <zone name="Zone_hen" smin="0" smax="0" dmin="0" dmax="0" x="9990" z="1912.5" r="135"/>
        <zone name="Zone_hen" smin="0" smax="0" dmin="0" dmax="0" x="9735" z="2010" r="82.5"/>
        <zone name="Zone_hen" smin="0" smax="0" dmin="0" dmax="0" x="9322.5" z="2047.5" r="82.5"/>
        <zone name="Zone_hen" smin="0" smax="0" dmin="0" dmax="0" x="9802.5" z="2250" r="82.5"/>
        <zone name="Zone_hen" smin="0" smax="0" dmin="0" dmax="0" x="10027.5" z="2122.5" r="75"/>
    </territory>
    <territory color="3556750600">
        <zone name="Zone_hen" smin="0" smax="0" dmin="0" dmax="0" x="7057.5" z="9465" r="120"/>
        <zone name="Zone_hen" smin="0" smax="0" dmin="0" dmax="0" x="6817.5" z="9330" r="105"/>
        <zone name="Zone_hen" smin="0" smax="0" dmin="0" dmax="0" x="6847.5" z="9592.5" r="97.5"/>
        <zone name="Zone_hen" smin="0" smax="0" dmin="0" dmax="0" x="7102.5" z="9660" r="75"/>
    </territory>
    <territory color="3556750600">
        <zone name="Zone_hen" smin="0" smax="0" dmin="0" dmax="0" x="3697.5" z="8272.5" r="90"/>
        <zone name="Zone_hen" smin="0" smax="0" dmin="0" dmax="0" x="3615" z="6952.5" r="82.5"/>
    </territory>
    <territory color="3556750600">
        <zone name="Zone_hen" smin="0" smax="0" dmin="0" dmax="0" x="13627.5" z="2947.5" r="97.5"/>
    </territory>
    <territory color="3556750600">
        <zone name="Zone_hen" smin="0" smax="0" dmin="0" dmax="0" x="14692.5" z="13212.5" r="82.5"/>
    </territory>
    <territory color="3556750600">
        <zone name="Zone_hen" smin="0" smax="0" dmin="0" dmax="0" x="15540" z="15345" r="105"/>
        <zone name="Zone_hen" smin="0" smax="0" dmin="0" dmax="0" x="14265" z="15574.2" r="105"/>
        <zone name="Zone_hen" smin="0" smax="0" dmin="0" dmax="0" x="15517.5" z="15634.2" r="97.5"/>
        <zone name="Zone_hen" smin="0" smax="0" dmin="0" dmax="0" x="15345" z="15589.2" r="82.5"/>
        <zone name="Zone_hen" smin="0" smax="0" dmin="0" dmax="0" x="15097.5" z="15255" r="75"/>
    </territory>
    <territory color="3556750600">
        <zone name="Zone_hen" smin="0" smax="0" dmin="0" dmax="0" x="1132.5" z="2430" r="82.5"/>
    </territory>
    <territory color="3556750600">
        <zone name="Zone_hen" smin="0" smax="0" dmin="0" dmax="0" x="7865" z="10800" r="150"/>
        <zone name="Zone_hen" smin="0" smax="0" dmin="0" dmax="0" x="6927.5" z="10515" r="120"/>
        <zone name="Zone_hen" smin="0" smax="0" dmin="0" dmax="0" x="7602.5" z="10897.5" r="112.5"/>
        <zone name="Zone_hen" smin="0" smax="0" dmin="0" dmax="0" x="7827.5" z="10447.5" r="90"/>
        <zone name="Zone_hen" smin="0" smax="0" dmin="0" dmax="0" x="7415" z="10912.5" r="75"/>
        <zone name="Zone_hen" smin="0" smax="0" dmin="0" dmax="0" x="7535" z="11325" r="75"/>
    </territory>
    <territory color="3556750600">
        <zone name="Zone_hen" smin="0" smax="0" dmin="0" dmax="0" x="8032.5" z="3315" r="127.5"/>
        <zone name="Zone_hen" smin="0" smax="0" dmin="0" dmax="0" x="7777.5" z="3510" r="120"/>
    </territory>
    <territory color="3556750600">
        <zone name="Zone_hen" smin="0" smax="0" dmin="0" dmax="0" x="15570" z="14402.5" r="127.5"/>
        <zone name="Zone_hen" smin="0" smax="0" dmin="0" dmax="0" x="15360" z="14552.5" r="97.5"/>
        <zone name="Zone_hen" smin="0" smax="0" dmin="0" dmax="0" x="14730" z="15325" r="97.5"/>
        <zone name="Zone_hen" smin="0" smax="0" dmin="0" dmax="0" x="15935" z="14757.5" r="90"/>
        <zone name="Zone_hen" smin="0" smax="0" dmin="0" dmax="0" x="15772.5" z="14785" r="82.5"/>
        <zone name="Zone_hen" smin="0" smax="0" dmin="0" dmax="0" x="15465" z="15145" r="82.5"/>
        <zone name="Zone_hen" smin="0" smax="0" dmin="0" dmax="0" x="15165" z="14222.5" r="75"/>
        <zone name="Zone_hen" smin="0" smax="0" dmin="0" dmax="0" x="14677.5" z="15010" r="75"/>
        <zone name="Zone_hen" smin="0" smax="0" dmin="0" dmax="0" x="14565" z="15265" r="75"/>
        <zone name="Zone_hen" smin="0" smax="0" dmin="0" dmax="0" x="14970" z="15377.5" r="75"/>
    </territory>
    <territory color="3556750600">
        <zone name="Zone_hen" smin="0" smax="0" dmin="0" dmax="0" x="2490" z="11002.5" r="112.5"/>
        <zone name="Zone_hen" smin="0" smax="0" dmin="0" dmax="0" x="2287.5" z="11242.5" r="75"/>
    </territory>
    <territory color="3556750600">
        <zone name="Zone_hen" smin="0" smax="0" dmin="0" dmax="0" x="10237.5" z="3750" r="75"/>
    </territory>
    <territory color="3556750600">
        <zone name="Zone_hen" smin="0" smax="0" dmin="0" dmax="0" x="10315" z="7372.5" r="82.5"/>
    </territory>
    <territory color="3556750600">
        <zone name="Zone_hen" smin="0" smax="0" dmin="0" dmax="0" x="4460" z="12500" r="150"/>
        <zone name="Zone_hen" smin="0" smax="0" dmin="0" dmax="0" x="4842.5" z="11375" r="120"/>
        <zone name="Zone_hen" smin="0" smax="0" dmin="0" dmax="0" x="4250" z="11945" r="112.5"/>
        <zone name="Zone_hen" smin="0" smax="0" dmin="0" dmax="0" x="4707.5" z="11577.5" r="97.5"/>
        <zone name="Zone_hen" smin="0" smax="0" dmin="0" dmax="0" x="4557.5" z="11735" r="90"/>
        <zone name="Zone_hen" smin="0" smax="0" dmin="0" dmax="0" x="4700" z="12507.5" r="90"/>
        <zone name="Zone_hen" smin="0" smax="0" dmin="0" dmax="0" x="4475" z="11945" r="82.5"/>
        <zone name="Zone_hen" smin="0" smax="0" dmin="0" dmax="0" x="4220" z="12140" r="82.5"/>
        <zone name="Zone_hen" smin="0" smax="0" dmin="0" dmax="0" x="4872.5" z="12612.5" r="82.5"/>
        <zone name="Zone_hen" smin="0" smax="0" dmin="0" dmax="0" x="5645" z="11517.5" r="75"/>
    </territory>
    <territory color="3556750600">
        <zone name="Zone_hen" smin="0" smax="0" dmin="0" dmax="0" x="1710" z="5092.5" r="97.5"/>
    </territory>
    <territory color="3556750600">
        <zone name="Zone_hen" smin="0" smax="0" dmin="0" dmax="0" x="7065" z="4297.5" r="82.5"/>
    </territory>
    <territory color="3556750600">
        <zone name="Zone_hen" smin="0" smax="0" dmin="0" dmax="0" x="16255" z="1452.5" r="97.5"/>
        <zone name="Zone_hen" smin="0" smax="0" dmin="0" dmax="0" x="16135" z="1265" r="82.5"/>
        <zone name="Zone_hen" smin="0" smax="0" dmin="0" dmax="0" x="16520" z="910" r="90"/>
    </territory>
    <territory color="3556750600">
        <zone name="Zone_hen" smin="0" smax="0" dmin="0" dmax="0" x="2002.5" z="7327.5" r="120"/>
        <zone name="Zone_hen" smin="0" smax="0" dmin="0" dmax="0" x="2992.5" z="6742.5" r="90"/>
        <zone name="Zone_hen" smin="0" smax="0" dmin="0" dmax="0" x="1890" z="7507.5" r="75"/>
    </territory>
    <territory color="3556750600">
        <zone name="Zone_hen" smin="0" smax="0" dmin="0" dmax="0" x="3585" z="2227.5" r="90"/>
    </territory>
    <territory color="3556750600">
        <zone name="Zone_hen" smin="0" smax="0" dmin="0" dmax="0" x="3682.5" z="13072.5" r="150"/>
        <zone name="Zone_hen" smin="0" smax="0" dmin="0" dmax="0" x="3412.5" z="12742.5" r="135"/>
        <zone name="Zone_hen" smin="0" smax="0" dmin="0" dmax="0" x="3075" z="12637.5" r="105"/>
        <zone name="Zone_hen" smin="0" smax="0" dmin="0" dmax="0" x="3862.5" z="12862.5" r="97.5"/>
        <zone name="Zone_hen" smin="0" smax="0" dmin="0" dmax="0" x="4132.5" z="13117.5" r="90"/>
        <zone name="Zone_hen" smin="0" smax="0" dmin="0" dmax="0" x="4027.5" z="11662.5" r="82.5"/>
        <zone name="Zone_hen" smin="0" smax="0" dmin="0" dmax="0" x="3960" z="12562.5" r="82.5"/>
        <zone name="Zone_hen" smin="0" smax="0" dmin="0" dmax="0" x="4170" z="12112.5" r="75"/>
        <zone name="Zone_hen" smin="0" smax="0" dmin="0" dmax="0" x="3435" z="12322.5" r="75"/>
        <zone name="Zone_hen" smin="0" smax="0" dmin="0" dmax="0" x="3900" z="13035" r="75"/>
    </territory>
    <territory color="3556750600">
        <zone name="Zone_hen" smin="0" smax="0" dmin="0" dmax="0" x="772.5" z="12232.5" r="75"/>
    </territory>
    <territory color="3556750600">
        <zone name="Zone_hen" smin="0" smax="0" dmin="0" dmax="0" x="12067.5" z="4180" r="75"/>
    </territory>
    <territory color="3556750600">
        <zone name="Zone_hen" smin="0" smax="0" dmin="0" dmax="0" x="11212.5" z="6585" r="135"/>
        <zone name="Zone_hen" smin="0" smax="0" dmin="0" dmax="0" x="10560" z="7020" r="75"/>
    </territory>
    <territory color="3556750600">
        <zone name="Zone_hen" smin="0" smax="0" dmin="0" dmax="0" x="15457.5" z="17965" r="150"/>
        <zone name="Zone_hen" smin="0" smax="0" dmin="0" dmax="0" x="14730" z="17792.5" r="150"/>
        <zone name="Zone_hen" smin="0" smax="0" dmin="0" dmax="0" x="15030" z="17800" r="127.5"/>
        <zone name="Zone_hen" smin="0" smax="0" dmin="0" dmax="0" x="15277.5" z="17755" r="112.5"/>
        <zone name="Zone_hen" smin="0" smax="0" dmin="0" dmax="0" x="15845" z="17337.5" r="105"/>
        <zone name="Zone_hen" smin="0" smax="0" dmin="0" dmax="0" x="15547.5" z="17717.5" r="105"/>
        <zone name="Zone_hen" smin="0" smax="0" dmin="0" dmax="0" x="14770" z="16475" r="90"/>
        <zone name="Zone_hen" smin="0" smax="0" dmin="0" dmax="0" x="14595" z="17590" r="82.5"/>
        <zone name="Zone_hen" smin="0" smax="0" dmin="0" dmax="0" x="15532.5" z="17470" r="75"/>
        <zone name="Zone_hen" smin="0" smax="0" dmin="0" dmax="0" x="15255" z="18100" r="75"/>
    </territory>
    <territory color="3556750600">
        <zone name="Zone_hen" smin="0" smax="0" dmin="0" dmax="0" x="11212.5" z="5392.5" r="97.5"/>
        <zone name="Zone_hen" smin="0" smax="0" dmin="0" dmax="0" x="11527.5" z="5025" r="82.5"/>
        <zone name="Zone_hen" smin="0" smax="0" dmin="0" dmax="0" x="12615" z="5745" r="82.5"/>
        <zone name="Zone_hen" smin="0" smax="0" dmin="0" dmax="0" x="11505" z="5505" r="75"/>
    </territory>
    <territory color="3556750600">
        <zone name="Zone_hen" smin="0" smax="0" dmin="0" dmax="0" x="13432.5" z="3307.5" r="120"/>
    </territory>
    <territory color="3556750600">
        <zone name="Zone_hen" smin="0" smax="0" dmin="0" dmax="0" x="9667.5" z="6540" r="97.5"/>
    </territory>
    <territory color="3556750600">
        <zone name="Zone_hen" smin="0" smax="0" dmin="0" dmax="0" x="8340" z="2745" r="90"/>
        <zone name="Zone_hen" smin="0" smax="0" dmin="0" dmax="0" x="8685" z="2430" r="82.5"/>
        <zone name="Zone_hen" smin="0" smax="0" dmin="0" dmax="0" x="8040" z="3022.5" r="82.5"/>
        <zone name="Zone_hen" smin="0" smax="0" dmin="0" dmax="0" x="8265" z="2902.5" r="75"/>
    </territory>
    <territory color="3556750600">
        <zone name="Zone_hen" smin="0" smax="0" dmin="0" dmax="0" x="3172.5" z="13710" r="120"/>
    </territory>
    <territory color="3556750600">
        <zone name="Zone_hen" smin="0" smax="0" dmin="0" dmax="0" x="14827.5" z="14565" r="75"/>
    </territory>
    <territory color="3556750600">
        <zone name="Zone_hen" smin="0" smax="0" dmin="0" dmax="0" x="11102.5" z="16932.5" r="150"/>
        <zone name="Zone_hen" smin="0" smax="0" dmin="0" dmax="0" x="11040" z="17795" r="127.5"/>
        <zone name="Zone_hen" smin="0" smax="0" dmin="0" dmax="0" x="11350" z="17090" r="112.5"/>
        <zone name="Zone_hen" smin="0" smax="0" dmin="0" dmax="0" x="10900" z="16730" r="105"/>
        <zone name="Zone_hen" smin="0" smax="0" dmin="0" dmax="0" x="11867.5" z="17285" r="105"/>
        <zone name="Zone_hen" smin="0" smax="0" dmin="0" dmax="0" x="11372.5" z="16355" r="82.5"/>
        <zone name="Zone_hen" smin="0" smax="0" dmin="0" dmax="0" x="10997.5" z="16295" r="75"/>
        <zone name="Zone_hen" smin="0" smax="0" dmin="0" dmax="0" x="11635" z="16362.5" r="75"/>
        <zone name="Zone_hen" smin="0" smax="0" dmin="0" dmax="0" x="10952.5" z="17127.5" r="75"/>
    </territory>
    <territory color="3556750600">
        <zone name="Zone_hen" smin="0" smax="0" dmin="0" dmax="0" x="6872.5" z="16925" r="150"/>
    </territory>
    <territory color="3556750600">
        <zone name="Zone_hen" smin="0" smax="0" dmin="0" dmax="0" x="18635" z="7295" r="105"/>
        <zone name="Zone_hen" smin="0" smax="0" dmin="0" dmax="0" x="19482.5" z="6102.5" r="82.5"/>
        <zone name="Zone_hen" smin="0" smax="0" dmin="0" dmax="0" x="19842.5" z="6927.5" r="75"/>
    </territory>
    <territory color="3556750600">
        <zone name="Zone_hen" smin="0" smax="0" dmin="0" dmax="0" x="14435" z="2272.5" r="135"/>
        <zone name="Zone_hen" smin="0" smax="0" dmin="0" dmax="0" x="15492.5" z="2287.5" r="105"/>
        <zone name="Zone_hen" smin="0" smax="0" dmin="0" dmax="0" x="8320" z="14470" r="75"/>
        <zone name="Zone_hen" smin="0" smax="0" dmin="0" dmax="0" x="6350" z="16170" r="75"/>
    </territory>
    <territory color="3556750600">
        <zone name="Zone_hen" smin="0" smax="0" dmin="0" dmax="0" x="9131.67" z="19284.2" r="90"/>
    </territory>
    <territory color="3556750600">
        <zone name="Zone_hen" smin="0" smax="0" dmin="0" dmax="0" x="4760" z="2840" r="150"/>
        <zone name="Zone_hen" smin="0" smax="0" dmin="0" dmax="0" x="5060" z="2885" r="135"/>
        <zone name="Zone_hen" smin="0" smax="0" dmin="0" dmax="0" x="5180" z="3222.5" r="97.5"/>
        <zone name="Zone_hen" smin="0" smax="0" dmin="0" dmax="0" x="5255" z="2750" r="82.5"/>
        <zone name="Zone_hen" smin="0" smax="0" dmin="0" dmax="0" x="4512.5" z="2697.5" r="75"/>
    </territory>
    <territory color="3556750600">
        <zone name="Zone_hen" smin="0" smax="0" dmin="0" dmax="0" x="5917.5" z="10162.5" r="127.5"/>
    </territory>
    <territory color="3556750600">
        <zone name="Zone_hen" smin="0" smax="0" dmin="0" dmax="0" x="1350" z="14167.5" r="97.5"/>
    </territory>
    <territory color="3556750600">
        <zone name="Zone_hen" smin="0" smax="0" dmin="0" dmax="0" x="4465" z="17980" r="75"/>
        <zone name="Zone_hen" smin="0" smax="0" dmin="0" dmax="0" x="4670" z="18050" r="75"/>
        <zone name="Zone_hen" smin="0" smax="0" dmin="0" dmax="0" x="4640" z="17860" r="75"/>
    </territory>
    <territory color="3556750600">
        <zone name="Zone_hen" smin="0" smax="0" dmin="0" dmax="0" x="187.5" z="12525" r="82.5"/>
    </territory>
    <territory color="3556750600">
        <zone name="Zone_hen" smin="0" smax="0" dmin="0" dmax="0" x="7080" z="965" r="150"/>
        <zone name="Zone_hen" smin="0" smax="0" dmin="0" dmax="0" x="12277.5" z="485" r="150"/>
        <zone name="Zone_hen" smin="0" smax="0" dmin="0" dmax="0" x="6517.5" z="627.5" r="127.5"/>
        <zone name="Zone_hen" smin="0" smax="0" dmin="0" dmax="0" x="7102.5" z="695" r="120"/>
        <zone name="Zone_hen" smin="0" smax="0" dmin="0" dmax="0" x="6817.5" z="1070" r="112.5"/>
        <zone name="Zone_hen" smin="0" smax="0" dmin="0" dmax="0" x="12082.5" z="252.5" r="105"/>
        <zone name="Zone_hen" smin="0" smax="0" dmin="0" dmax="0" x="12202.5" z="740" r="105"/>
        <zone name="Zone_hen" smin="0" smax="0" dmin="0" dmax="0" x="7320" z="980" r="97.5"/>
        <zone name="Zone_hen" smin="0" smax="0" dmin="0" dmax="0" x="7372.5" z="530" r="75"/>
        <zone name="Zone_hen" smin="0" smax="0" dmin="0" dmax="0" x="12067.5" z="605" r="75"/>
    </territory>
    <territory color="3556750600">
        <zone name="Zone_hen" smin="0" smax="0" dmin="0" dmax="0" x="6232.5" z="12697.5" r="120"/>
        <zone name="Zone_hen" smin="0" smax="0" dmin="0" dmax="0" x="6435" z="12727.5" r="90"/>
        <zone name="Zone_hen" smin="0" smax="0" dmin="0" dmax="0" x="6217.5" z="13410" r="90"/>
        <zone name="Zone_hen" smin="0" smax="0" dmin="0" dmax="0" x="6787.5" z="12570" r="82.5"/>
        <zone name="Zone_hen" smin="0" smax="0" dmin="0" dmax="0" x="5910" z="13290" r="82.5"/>
        <zone name="Zone_hen" smin="0" smax="0" dmin="0" dmax="0" x="16360" z="5060" r="90"/>
        <zone name="Zone_hen" smin="0" smax="0" dmin="0" dmax="0" x="15750" z="5500" r="90"/>
        <zone name="Zone_hen" smin="0" smax="0" dmin="0" dmax="0" x="16300" z="5940" r="90"/>
    </territory>
    <territory color="3556750600">
        <zone name="Zone_hen" smin="0" smax="0" dmin="0" dmax="0" x="17727.5" z="13820" r="90"/>
    </territory>
    <territory color="3556750600">
        <zone name="Zone_hen" smin="0" smax="0" dmin="0" dmax="0" x="3887.5" z="16965" r="135"/>
        <zone name="Zone_hen" smin="0" smax="0" dmin="0" dmax="0" x="3545" z="17317.5" r="120"/>
        <zone name="Zone_hen" smin="0" smax="0" dmin="0" dmax="0" x="3320" z="16875" r="90"/>
        <zone name="Zone_hen" smin="0" smax="0" dmin="0" dmax="0" x="3100" z="17380" r="75"/>
    </territory>
    <territory color="3556750600">
        <zone name="Zone_hen" smin="0" smax="0" dmin="0" dmax="0" x="13790" z="10317.5" r="105"/>
        <zone name="Zone_hen" smin="0" smax="0" dmin="0" dmax="0" x="8497.5" z="6652.5" r="97.5"/>
        <zone name="Zone_hen" smin="0" smax="0" dmin="0" dmax="0" x="8542.5" z="6052.5" r="75"/>
    </territory>
    <territory color="3556750600">
        <zone name="Zone_hen" smin="0" smax="0" dmin="0" dmax="0" x="5782.5" z="8700" r="82.5"/>
    </territory>
    <territory color="3556750600">
        <zone name="Zone_hen" smin="0" smax="0" dmin="0" dmax="0" x="4935" z="15135" r="127.5"/>
        <zone name="Zone_hen" smin="0" smax="0" dmin="0" dmax="0" x="3660" z="14775" r="105"/>
        <zone name="Zone_hen" smin="0" smax="0" dmin="0" dmax="0" x="3637.5" z="14955" r="75"/>
        <zone name="Zone_hen" smin="0" smax="0" dmin="0" dmax="0" x="4522.5" z="15247.5" r="75"/>
    </territory>
    <territory color="3556750600">
        <zone name="Zone_hen" smin="0" smax="0" dmin="0" dmax="0" x="6472.5" z="6180" r="90"/>
    </territory>
    <territory color="3556750600">
        <zone name="Zone_hen" smin="0" smax="0" dmin="0" dmax="0" x="3870" z="8865" r="150"/>
        <zone name="Zone_hen" smin="0" smax="0" dmin="0" dmax="0" x="4132.5" z="8955" r="120"/>
        <zone name="Zone_hen" smin="0" smax="0" dmin="0" dmax="0" x="3667.5" z="8565" r="82.5"/>
        <zone name="Zone_hen" smin="0" smax="0" dmin="0" dmax="0" x="3082.5" z="9202.5" r="82.5"/>
        <zone name="Zone_hen" smin="0" smax="0" dmin="0" dmax="0" x="3795" z="9082.5" r="75"/>
        <zone name="Zone_hen" smin="0" smax="0" dmin="0" dmax="0" x="4117.5" z="9150" r="75"/>
        <zone name="Zone_hen" smin="0" smax="0" dmin="0" dmax="0" x="2932.5" z="9375" r="75"/>
    </territory>
    <territory color="3556750600">
        <zone name="Zone_hen" smin="0" smax="0" dmin="0" dmax="0" x="8077.5" z="9292.5" r="75"/>
    </territory>
    <territory color="3556750600">
        <zone name="Zone_hen" smin="0" smax="0" dmin="0" dmax="0" x="17482.5" z="4427.5" r="120"/>
        <zone name="Zone_hen" smin="0" smax="0" dmin="0" dmax="0" x="18667.5" z="4577.5" r="105"/>
        <zone name="Zone_hen" smin="0" smax="0" dmin="0" dmax="0" x="18345" z="5447.5" r="105"/>
        <zone name="Zone_hen" smin="0" smax="0" dmin="0" dmax="0" x="7455" z="12667.5" r="97.5"/>
        <zone name="Zone_hen" smin="0" smax="0" dmin="0" dmax="0" x="18540" z="4330" r="75"/>
        <zone name="Zone_hen" smin="0" smax="0" dmin="0" dmax="0" x="17782.5" z="4337.5" r="75"/>
        <zone name="Zone_hen" smin="0" smax="0" dmin="0" dmax="0" x="17482.5" z="4705" r="75"/>
        <zone name="Zone_hen" smin="0" smax="0" dmin="0" dmax="0" x="18510" z="4990" r="75"/>
    </territory>
    <territory color="3556750600">
        <zone name="Zone_hen" smin="0" smax="0" dmin="0" dmax="0" x="11932.5" z="4645" r="90"/>
    </territory>
    <territory color="3556750600">
        <zone name="Zone_hen" smin="0" smax="0" dmin="0" dmax="0" x="18320" z="2135" r="142.5"/>
        <zone name="Zone_hen" smin="0" smax="0" dmin="0" dmax="0" x="17930" z="2247.5" r="97.5"/>
        <zone name="Zone_hen" smin="0" smax="0" dmin="0" dmax="0" x="18800" z="1932.5" r="75"/>
        <zone name="Zone_hen" smin="0" smax="0" dmin="0" dmax="0" x="18530" z="2150" r="75"/>
        <zone name="Zone_hen" smin="0" smax="0" dmin="0" dmax="0" x="18102.5" z="2172.5" r="75"/>
        <zone name="Zone_hen" smin="0" smax="0" dmin="0" dmax="0" x="18755" z="2180" r="75"/>
        <zone name="Zone_hen" smin="0" smax="0" dmin="0" dmax="0" x="14510" z="9030" r="90"/>
    </territory>
    <territory color="3556750600">
        <zone name="Zone_hen" smin="0" smax="0" dmin="0" dmax="0" x="4691.67" z="14134.2" r="127.5"/>
        <zone name="Zone_hen" smin="0" smax="0" dmin="0" dmax="0" x="4466.67" z="14314.2" r="90"/>
        <zone name="Zone_hen" smin="0" smax="0" dmin="0" dmax="0" x="4676.67" z="14344.2" r="82.5"/>
        <zone name="Zone_hen" smin="0" smax="0" dmin="0" dmax="0" x="3536.67" z="14629.2" r="82.5"/>
    </territory>
    <territory color="3556750600">
        <zone name="Zone_hen" smin="0" smax="0" dmin="0" dmax="0" x="7785" z="7542.5" r="127.5"/>
    </territory>
    <territory color="3556750600">
        <zone name="Zone_hen" smin="0" smax="0" dmin="0" dmax="0" x="4437.5" z="12182.5" r="75"/>
    </territory>
    <territory color="3556750600">
        <zone name="Zone_hen" smin="0" smax="0" dmin="0" dmax="0" x="9660" z="10447.5" r="97.5"/>
    </territory>
    <territory color="3556750600">
        <zone name="Zone_hen" smin="0" smax="0" dmin="0" dmax="0" x="9592.5" z="8812.5" r="150"/>
        <zone name="Zone_hen" smin="0" smax="0" dmin="0" dmax="0" x="9847.5" z="8737.5" r="105"/>
        <zone name="Zone_hen" smin="0" smax="0" dmin="0" dmax="0" x="10357.5" z="7417.5" r="75"/>
        <zone name="Zone_hen" smin="0" smax="0" dmin="0" dmax="0" x="9622.5" z="8587.5" r="75"/>
    </territory>
    <territory color="3556750600">
        <zone name="Zone_hen" smin="0" smax="0" dmin="0" dmax="0" x="7210" z="7422.5" r="127.5"/>
    </territory>
    <territory color="3556750600">
        <zone name="Zone_hen" smin="0" smax="0" dmin="0" dmax="0" x="9345" z="8820" r="97.5"/>
    </territory>
    <territory color="3556750600">
        <zone name="Zone_hen" smin="0" smax="0" dmin="0" dmax="0" x="10110" z="5512.5" r="127.5"/>
        <zone name="Zone_hen" smin="0" smax="0" dmin="0" dmax="0" x="9892.5" z="5445" r="90"/>
        <zone name="Zone_hen" smin="0" smax="0" dmin="0" dmax="0" x="10312.5" z="5497.5" r="82.5"/>
        <zone name="Zone_hen" smin="0" smax="0" dmin="0" dmax="0" x="10965" z="5520" r="75"/>
    </territory>
    <territory color="3556750600">
        <zone name="Zone_hen" smin="0" smax="0" dmin="0" dmax="0" x="10462.5" z="2032.5" r="75"/>
    </territory>
    <territory color="3556750600">
        <zone name="Zone_hen" smin="0" smax="0" dmin="0" dmax="0" x="6255" z="7740" r="150"/>
        <zone name="Zone_hen" smin="0" smax="0" dmin="0" dmax="0" x="5992.5" z="7830" r="127.5"/>
        <zone name="Zone_hen" smin="0" smax="0" dmin="0" dmax="0" x="6330" z="7507.5" r="82.5"/>
    </territory>
    <territory color="3556750600">
        <zone name="Zone_hen" smin="0" smax="0" dmin="0" dmax="0" x="4965" z="5595" r="90"/>
        <zone name="Zone_hen" smin="0" smax="0" dmin="0" dmax="0" x="5257.5" z="5497.5" r="75"/>
    </territory>
    <territory color="3556750600">
        <zone name="Zone_hen" smin="0" smax="0" dmin="0" dmax="0" x="10657.5" z="8077.5" r="150"/>
    </territory>
    <territory color="3556750600">
        <zone name="Zone_hen" smin="0" smax="0" dmin="0" dmax="0" x="6637.5" z="2565" r="150"/>
        <zone name="Zone_hen" smin="0" smax="0" dmin="0" dmax="0" x="6922.5" z="2677.5" r="150"/>
        <zone name="Zone_hen" smin="0" smax="0" dmin="0" dmax="0" x="6810" z="3090" r="112.5"/>
        <zone name="Zone_hen" smin="0" smax="0" dmin="0" dmax="0" x="6855" z="2400" r="97.5"/>
        <zone name="Zone_hen" smin="0" smax="0" dmin="0" dmax="0" x="7147.5" z="2760" r="82.5"/>
        <zone name="Zone_hen" smin="0" smax="0" dmin="0" dmax="0" x="7312.5" z="2812.5" r="82.5"/>
        <zone name="Zone_hen" smin="0" smax="0" dmin="0" dmax="0" x="6622.5" z="2332.5" r="75"/>
        <zone name="Zone_hen" smin="0" smax="0" dmin="0" dmax="0" x="7132.5" z="2602.5" r="75"/>
        <zone name="Zone_hen" smin="0" smax="0" dmin="0" dmax="0" x="6735" z="2842.5" r="75"/>
        <zone name="Zone_hen" smin="0" smax="0" dmin="0" dmax="0" x="7095" z="3150" r="75"/>
    </territory>
    <territory color="3556750600">
        <zone name="Zone_hen" smin="0" smax="0" dmin="0" dmax="0" x="4522.5" z="11370" r="75"/>
        <zone name="Zone_hen" smin="0" smax="0" dmin="0" dmax="0" x="4582.5" z="11617.5" r="75"/>
    </territory>
    <territory color="3556750600">
        <zone name="Zone_hen" smin="0" smax="0" dmin="0" dmax="0" x="5792.5" z="8620" r="105"/>
        <zone name="Zone_hen" smin="0" smax="0" dmin="0" dmax="0" x="6632.5" z="9610" r="82.5"/>
    </territory>
    <territory color="3556750600">
        <zone name="Zone_hen" smin="0" smax="0" dmin="0" dmax="0" x="5182.5" z="15015" r="112.5"/>
        <zone name="Zone_hen" smin="0" smax="0" dmin="0" dmax="0" x="5752.5" z="15217.5" r="112.5"/>
        <zone name="Zone_hen" smin="0" smax="0" dmin="0" dmax="0" x="5445" z="14520" r="75"/>
        <zone name="Zone_hen" smin="0" smax="0" dmin="0" dmax="0" x="5640" z="14550" r="75"/>
        <zone name="Zone_hen" smin="0" smax="0" dmin="0" dmax="0" x="6472.5" z="14850" r="75"/>
        <zone name="Zone_hen" smin="0" smax="0" dmin="0" dmax="0" x="6480" z="15037.5" r="75"/>
        <zone name="Zone_hen" smin="0" smax="0" dmin="0" dmax="0" x="6652.5" z="15157.5" r="75"/>
        <zone name="Zone_hen" smin="0" smax="0" dmin="0" dmax="0" x="5572.5" z="15202.5" r="75"/>
    </territory>
    <territory color="3556750600">
        <zone name="Zone_hen" smin="0" smax="0" dmin="0" dmax="0" x="4522.5" z="8280" r="120"/>
        <zone name="Zone_hen" smin="0" smax="0" dmin="0" dmax="0" x="5347.5" z="8587.5" r="120"/>
    </territory>
    <territory color="3556750600">
        <zone name="Zone_hen" smin="0" smax="0" dmin="0" dmax="0" x="10830" z="2677.5" r="105"/>
    </territory>
    <territory color="3556750600">
        <zone name="Zone_hen" smin="0" smax="0" dmin="0" dmax="0" x="4560" z="4590" r="112.5"/>
        <zone name="Zone_hen" smin="0" smax="0" dmin="0" dmax="0" x="4350" z="4680" r="112.5"/>
        <zone name="Zone_hen" smin="0" smax="0" dmin="0" dmax="0" x="3345" z="4927.5" r="105"/>
    </territory>
    <territory color="3556750600">
        <zone name="Zone_hen" smin="0" smax="0" dmin="0" dmax="0" x="3082.5" z="7845" r="150"/>
        <zone name="Zone_hen" smin="0" smax="0" dmin="0" dmax="0" x="3180" z="8107.5" r="112.5"/>
        <zone name="Zone_hen" smin="0" smax="0" dmin="0" dmax="0" x="3495" z="8392.5" r="75"/>
    </territory>
    <territory color="3556750600">
        <zone name="Zone_hen" smin="0" smax="0" dmin="0" dmax="0" x="2595" z="1320" r="75"/>
    </territory>
    <territory color="3556750600">
        <zone name="Zone_hen" smin="0" smax="0" dmin="0" dmax="0" x="8107.5" z="10987.5" r="97.5"/>
    </territory>
    <territory color="3556750600">
        <zone name="Zone_hen" smin="0" smax="0" dmin="0" dmax="0" x="3142.5" z="4042.5" r="82.5"/>
        <zone name="Zone_hen" smin="0" smax="0" dmin="0" dmax="0" x="2572.5" z="3457.5" r="75"/>
        <zone name="Zone_hen" smin="0" smax="0" dmin="0" dmax="0" x="2085" z="3532.5" r="75"/>
    </territory>
    <territory color="3556750600">
        <zone name="Zone_hen" smin="0" smax="0" dmin="0" dmax="0" x="10180" z="5687.5" r="127.5"/>
        <zone name="Zone_hen" smin="0" smax="0" dmin="0" dmax="0" x="12217.5" z="6300" r="97.5"/>
        <zone name="Zone_hen" smin="0" smax="0" dmin="0" dmax="0" x="11745" z="6412.5" r="90"/>
        <zone name="Zone_hen" smin="0" smax="0" dmin="0" dmax="0" x="11005" z="5170" r="90"/>
        <zone name="Zone_hen" smin="0" smax="0" dmin="0" dmax="0" x="11505" z="6615" r="82.5"/>
        <zone name="Zone_hen" smin="0" smax="0" dmin="0" dmax="0" x="10952.5" z="5410" r="75"/>
    </territory>
    <territory color="3556750600">
        <zone name="Zone_hen" smin="0" smax="0" dmin="0" dmax="0" x="4807.5" z="10252.5" r="120"/>
        <zone name="Zone_hen" smin="0" smax="0" dmin="0" dmax="0" x="4627.5" z="9637.5" r="105"/>
        <zone name="Zone_hen" smin="0" smax="0" dmin="0" dmax="0" x="4995" z="9990" r="97.5"/>
        <zone name="Zone_hen" smin="0" smax="0" dmin="0" dmax="0" x="4567.5" z="10702.5" r="97.5"/>
        <zone name="Zone_hen" smin="0" smax="0" dmin="0" dmax="0" x="4680" z="10447.5" r="90"/>
        <zone name="Zone_hen" smin="0" smax="0" dmin="0" dmax="0" x="4897.5" z="9637.5" r="75"/>
        <zone name="Zone_hen" smin="0" smax="0" dmin="0" dmax="0" x="4522.5" z="9885" r="75"/>
    </territory>
    <territory color="3556750600">
        <zone name="Zone_hen" smin="0" smax="0" dmin="0" dmax="0" x="5265" z="10582.5" r="90"/>
    </territory>
    <territory color="3556750600">
        <zone name="Zone_hen" smin="0" smax="0" dmin="0" dmax="0" x="2527.5" z="6375" r="120"/>
    </territory>
    <territory color="3556750600">
        <zone name="Zone_hen" smin="0" smax="0" dmin="0" dmax="0" x="1852.5" z="2250" r="135"/>
        <zone name="Zone_hen" smin="0" smax="0" dmin="0" dmax="0" x="2160" z="3330" r="135"/>
        <zone name="Zone_hen" smin="0" smax="0" dmin="0" dmax="0" x="2775" z="3127.5" r="75"/>
        <zone name="Zone_hen" smin="0" smax="0" dmin="0" dmax="0" x="1957.5" z="3412.5" r="75"/>
    </territory>
    <territory color="3556750600">
        <zone name="Zone_hen" smin="0" smax="0" dmin="0" dmax="0" x="1687.5" z="3817.5" r="127.5"/>
    </territory>
    <territory color="3556750600">
        <zone name="Zone_hen" smin="0" smax="0" dmin="0" dmax="0" x="3645" z="2475" r="150"/>
        <zone name="Zone_hen" smin="0" smax="0" dmin="0" dmax="0" x="3840" z="2310" r="75"/>
        <zone name="Zone_hen" smin="0" smax="0" dmin="0" dmax="0" x="3202.5" z="2580" r="75"/>
    </territory>
    <territory color="3556750600">
        <zone name="Zone_hen" smin="0" smax="0" dmin="0" dmax="0" x="4935" z="14865" r="82.5"/>
        <zone name="Zone_hen" smin="0" smax="0" dmin="0" dmax="0" x="4297.5" z="14167.5" r="75"/>
    </territory>
    <territory color="3556750600">
        <zone name="Zone_hen" smin="0" smax="0" dmin="0" dmax="0" x="4717.5" z="6795" r="135"/>
    </territory>
    <territory color="3556750600">
        <zone name="Zone_hen" smin="0" smax="0" dmin="0" dmax="0" x="6135" z="10395" r="120"/>
    </territory>
    <territory color="3556750600">
        <zone name="Zone_hen" smin="0" smax="0" dmin="0" dmax="0" x="1560" z="14287.5" r="105"/>
    </territory>
    <territory color="3556750600">
        <zone name="Zone_hen" smin="0" smax="0" dmin="0" dmax="0" x="7207.5" z="6982.5" r="90"/>
    </territory>
    <territory color="3556750600">
        <zone name="Zone_hen" smin="0" smax="0" dmin="0" dmax="0" x="9990" z="10387.5" r="112.5"/>
    </territory>
    <territory color="3556750600">
        <zone name="Zone_hen" smin="0" smax="0" dmin="0" dmax="0" x="5842.5" z="3967.5" r="90"/>
        <zone name="Zone_hen" smin="0" smax="0" dmin="0" dmax="0" x="5430" z="3817.5" r="82.5"/>
        <zone name="Zone_hen" smin="0" smax="0" dmin="0" dmax="0" x="5242.5" z="3690" r="75"/>
    </territory>
    <territory color="3556750600">
        <zone name="Zone_hen" smin="0" smax="0" dmin="0" dmax="0" x="1605" z="7807.5" r="82.5"/>
    </territory>
    <territory color="3556750600">
        <zone name="Zone_hen" smin="0" smax="0" dmin="0" dmax="0" x="10672.5" z="2437.5" r="90"/>
    </territory>
    <territory color="3556750600">
        <zone name="Zone_hen" smin="0" smax="0" dmin="0" dmax="0" x="3585" z="14225" r="150"/>
        <zone name="Zone_hen" smin="0" smax="0" dmin="0" dmax="0" x="4395" z="13602.5" r="90"/>
        <zone name="Zone_hen" smin="0" smax="0" dmin="0" dmax="0" x="3990" z="14382.5" r="90"/>
        <zone name="Zone_hen" smin="0" smax="0" dmin="0" dmax="0" x="4455" z="13385" r="82.5"/>
        <zone name="Zone_hen" smin="0" smax="0" dmin="0" dmax="0" x="3472.5" z="14022.5" r="75"/>
    </territory>
    <territory color="3556750600">
        <zone name="Zone_hen" smin="0" smax="0" dmin="0" dmax="0" x="1882.5" z="10837.5" r="82.5"/>
    </territory>
    <territory color="3556750600">
        <zone name="Zone_hen" smin="0" smax="0" dmin="0" dmax="0" x="8310" z="7537.5" r="75"/>
    </territory>
    <territory color="3556750600">
        <zone name="Zone_hen" smin="0" smax="0" dmin="0" dmax="0" x="1972.5" z="10635" r="127.5"/>
    </territory>
    <territory color="3556750600">
        <zone name="Zone_hen" smin="0" smax="0" dmin="0" dmax="0" x="4492.5" z="6412.5" r="127.5"/>
        <zone name="Zone_hen" smin="0" smax="0" dmin="0" dmax="0" x="3705" z="5985" r="90"/>
        <zone name="Zone_hen" smin="0" smax="0" dmin="0" dmax="0" x="3202.5" z="6105" r="82.5"/>
    </territory>
    <territory color="3556750600">
        <zone name="Zone_hen" smin="0" smax="0" dmin="0" dmax="0" x="5940" z="10372.5" r="82.5"/>
    </territory>
    <territory color="3556750600">
        <zone name="Zone_hen" smin="0" smax="0" dmin="0" dmax="0" x="5865" z="4770" r="127.5"/>
        <zone name="Zone_hen" smin="0" smax="0" dmin="0" dmax="0" x="6540" z="5602.5" r="97.5"/>
        <zone name="Zone_hen" smin="0" smax="0" dmin="0" dmax="0" x="6082.5" z="4905" r="82.5"/>
    </territory>
    <territory color="3556750600">
        <zone name="Zone_hen" smin="0" smax="0" dmin="0" dmax="0" x="11995" z="4752.5" r="142.5"/>
    </territory>
    <territory color="3556750600">
        <zone name="Zone_hen" smin="0" smax="0" dmin="0" dmax="0" x="7010" z="8457.5" r="150"/>
        <zone name="Zone_hen" smin="0" smax="0" dmin="0" dmax="0" x="7137.5" z="8795" r="150"/>
        <zone name="Zone_hen" smin="0" smax="0" dmin="0" dmax="0" x="6515" z="8322.5" r="150"/>
        <zone name="Zone_hen" smin="0" smax="0" dmin="0" dmax="0" x="6770" z="8300" r="112.5"/>
        <zone name="Zone_hen" smin="0" smax="0" dmin="0" dmax="0" x="7685" z="9947.5" r="97.5"/>
        <zone name="Zone_hen" smin="0" smax="0" dmin="0" dmax="0" x="6912.5" z="8690" r="90"/>
        <zone name="Zone_hen" smin="0" smax="0" dmin="0" dmax="0" x="6007.5" z="9300" r="90"/>
        <zone name="Zone_hen" smin="0" smax="0" dmin="0" dmax="0" x="6957.5" z="8210" r="82.5"/>
        <zone name="Zone_hen" smin="0" smax="0" dmin="0" dmax="0" x="6432.5" z="8547.5" r="82.5"/>
        <zone name="Zone_hen" smin="0" smax="0" dmin="0" dmax="0" x="7182.5" z="9020" r="75"/>
    </territory>
    <territory color="3556750600">
        <zone name="Zone_hen" smin="0" smax="0" dmin="0" dmax="0" x="13230" z="3870" r="105"/>
    </territory>
    <territory color="3556750600">
        <zone name="Zone_hen" smin="0" smax="0" dmin="0" dmax="0" x="6332.5" z="10692.5" r="127.5"/>
    </territory>
    <territory color="3556750600">
        <zone name="Zone_hen" smin="0" smax="0" dmin="0" dmax="0" x="1147.5" z="7207.5" r="97.5"/>
    </territory>
    <territory color="3556750600">
        <zone name="Zone_hen" smin="0" smax="0" dmin="0" dmax="0" x="14955" z="14257.5" r="82.5"/>
        <zone name="Zone_hen" smin="0" smax="0" dmin="0" dmax="0" x="14550" z="13995" r="75"/>
        <zone name="Zone_hen" smin="0" smax="0" dmin="0" dmax="0" x="14782.5" z="14047.5" r="75"/>
    </territory>
    <territory color="3556750600">
        <zone name="Zone_hen" smin="0" smax="0" dmin="0" dmax="0" x="7500" z="5152.5" r="127.5"/>
        <zone name="Zone_hen" smin="0" smax="0" dmin="0" dmax="0" x="7732.5" z="5152.5" r="105"/>
        <zone name="Zone_hen" smin="0" smax="0" dmin="0" dmax="0" x="8415" z="4957.5" r="90"/>
    </territory>
    <territory color="3556750600">
        <zone name="Zone_hen" smin="0" smax="0" dmin="0" dmax="0" x="6892.5" z="7762.5" r="90"/>
    </territory>
    <territory color="3556750600">
        <zone name="Zone_hen" smin="0" smax="0" dmin="0" dmax="0" x="2730" z="9990" r="127.5"/>
        <zone name="Zone_hen" smin="0" smax="0" dmin="0" dmax="0" x="2880" z="9742.5" r="97.5"/>
    </territory>
</territory-type>
