<?xml version="1.0" encoding="UTF-8" standalone="yes"?>
<types>
	<type name="Collectable_Bitcoin">
      <nominal>1</nominal>
		<lifetime>180000</lifetime>
		<restock>7000</restock>
		<min>0</min>
		<quantmin>40</quantmin>
		<quantmax>80</quantmax>
		<cost>100</cost>
		<flags count_in_cargo="1" count_in_hoarder="0" count_in_map="1" count_in_player="0" crafted="0" deloot="0"/>
		<category name="weapons"/>
		<usage name="Military"/>
		<value name="Tier4"/>
   </type>
   <type name="Collectable_GPU">
      <nominal>1</nominal>
		<lifetime>180000</lifetime>
		<restock>7000</restock>
		<min>0</min>
		<quantmin>40</quantmin>
		<quantmax>80</quantmax>
		<cost>100</cost>
		<flags count_in_cargo="1" count_in_hoarder="0" count_in_map="1" count_in_player="0" crafted="0" deloot="0"/>
		<category name="weapons"/>
		<usage name="Military"/>
		<value name="Tier4"/>
   </type>
   <type name="Collectable_SSD">
      <nominal>1</nominal>
		<lifetime>180000</lifetime>
		<restock>7000</restock>
		<min>0</min>
		<quantmin>40</quantmin>
		<quantmax>80</quantmax>
		<cost>100</cost>
		<flags count_in_cargo="1" count_in_hoarder="0" count_in_map="1" count_in_player="0" crafted="0" deloot="0"/>
		<category name="weapons"/>
		<usage name="Military"/>
		<value name="Tier4"/>
   </type>
   <type name="Collectable_USB">
      <nominal>1</nominal>
		<lifetime>180000</lifetime>
		<restock>7000</restock>
		<min>0</min>
		<quantmin>40</quantmin>
		<quantmax>80</quantmax>
		<cost>100</cost>
		<flags count_in_cargo="1" count_in_hoarder="0" count_in_map="1" count_in_player="0" crafted="0" deloot="0"/>
		<category name="weapons"/>
		<usage name="Military"/>
		<value name="Tier4"/>
   </type>
   <type name="Collectable_SmartPhone">
      <nominal>1</nominal>
		<lifetime>180000</lifetime>
		<restock>7000</restock>
		<min>0</min>
		<quantmin>40</quantmin>
		<quantmax>80</quantmax>
		<cost>100</cost>
		<flags count_in_cargo="1" count_in_hoarder="0" count_in_map="1" count_in_player="0" crafted="0" deloot="0"/>
		<category name="weapons"/>
		<usage name="Military"/>
		<value name="Tier4"/>
   </type>
   <type name="Collectable_MemoryCard">
      <nominal>1</nominal>
		<lifetime>180000</lifetime>
		<restock>7000</restock>
		<min>0</min>
		<quantmin>40</quantmin>
		<quantmax>80</quantmax>
		<cost>100</cost>
		<flags count_in_cargo="1" count_in_hoarder="0" count_in_map="1" count_in_player="0" crafted="0" deloot="0"/>
		<category name="weapons"/>
		<usage name="Military"/>
		<value name="Tier4"/>
   </type>
   <type name="Collectable_TetrisToy">
      <nominal>1</nominal>
		<lifetime>180000</lifetime>
		<restock>7000</restock>
		<min>0</min>
		<quantmin>40</quantmin>
		<quantmax>80</quantmax>
		<cost>100</cost>
		<flags count_in_cargo="1" count_in_hoarder="0" count_in_map="1" count_in_player="0" crafted="0" deloot="0"/>
		<category name="weapons"/>
		<usage name="Military"/>
		<value name="Tier4"/>
   </type>
   <type name="Collectable_Intel">
      <nominal>1</nominal>
		<lifetime>180000</lifetime>
		<restock>7000</restock>
		<min>0</min>
		<quantmin>40</quantmin>
		<quantmax>80</quantmax>
		<cost>100</cost>
		<flags count_in_cargo="1" count_in_hoarder="0" count_in_map="1" count_in_player="0" crafted="0" deloot="0"/>
		<category name="weapons"/>
		<usage name="Military"/>
		<value name="Tier4"/>
   </type>
   <type name="Collectable_RetroToy">
      <nominal>1</nominal>
		<lifetime>180000</lifetime>
		<restock>7000</restock>
		<min>0</min>
		<quantmin>40</quantmin>
		<quantmax>80</quantmax>
		<cost>100</cost>
		<flags count_in_cargo="1" count_in_hoarder="0" count_in_map="1" count_in_player="0" crafted="0" deloot="0"/>
		<category name="weapons"/>
		<usage name="Military"/>
		<value name="Tier4"/>
   </type>
   <type name="Collectable_CrossNecklace">
      <nominal>1</nominal>
		<lifetime>180000</lifetime>
		<restock>7000</restock>
		<min>0</min>
		<quantmin>40</quantmin>
		<quantmax>80</quantmax>
		<cost>100</cost>
		<flags count_in_cargo="1" count_in_hoarder="0" count_in_map="1" count_in_player="0" crafted="0" deloot="0"/>
		<category name="weapons"/>
		<usage name="Military"/>
		<value name="Tier4"/>
   </type>
   <type name="Collectable_PocketWatch">
      <nominal>2</nominal>
      <lifetime>28800</lifetime>
      <restock>900</restock>
      <min>2</min>
      <quantmin>-1</quantmin>
      <quantmax>-1</quantmax>
      <cost>100</cost>
      <flags count_in_cargo="0" count_in_hoarder="0" count_in_map="1" count_in_player="0" crafted="0" deloot="0" />
      <category name="weapons" />
      <usage name="Military"/>
      <value name="Tier4" />
   </type>
   <type name="Collectable_RAM">
      <nominal>2</nominal>
      <lifetime>28800</lifetime>
      <restock>900</restock>
      <min>2</min>
      <quantmin>-1</quantmin>
      <quantmax>-1</quantmax>
      <cost>100</cost>
      <flags count_in_cargo="0" count_in_hoarder="0" count_in_map="1" count_in_player="0" crafted="0" deloot="0" />
      <category name="weapons" />
      <usage name="Military"/>
      <value name="Tier4" />
   </type>
   <type name="Collectable_Polaroid_One">
      <nominal>2</nominal>
      <lifetime>28800</lifetime>
      <restock>900</restock>
      <min>2</min>
      <quantmin>-1</quantmin>
      <quantmax>-1</quantmax>
      <cost>100</cost>
      <flags count_in_cargo="0" count_in_hoarder="0" count_in_map="1" count_in_player="0" crafted="0" deloot="0" />
      <category name="weapons" />
      <usage name="Military"/>
      <value name="Tier4" />
   </type>
   <type name="Collectable_Polaroid_Two">
      <nominal>2</nominal>
      <lifetime>28800</lifetime>
      <restock>900</restock>
      <min>2</min>
      <quantmin>-1</quantmin>
      <quantmax>-1</quantmax>
      <cost>100</cost>
      <flags count_in_cargo="0" count_in_hoarder="0" count_in_map="1" count_in_player="0" crafted="0" deloot="0" />
      <category name="weapons" />
      <usage name="Military"/>
      <value name="Tier4" />
   </type>
   <type name="Collectable_Polaroid_Three">
      <nominal>2</nominal>
      <lifetime>28800</lifetime>
      <restock>900</restock>
      <min>2</min>
      <quantmin>-1</quantmin>
      <quantmax>-1</quantmax>
      <cost>100</cost>
      <flags count_in_cargo="0" count_in_hoarder="0" count_in_map="1" count_in_player="0" crafted="0" deloot="0" />
      <category name="weapons" />
      <usage name="Military"/>
      <value name="Tier4" />
   </type>
   <type name="Collectable_Polaroid_Four">
      <nominal>2</nominal>
      <lifetime>28800</lifetime>
      <restock>900</restock>
      <min>2</min>
      <quantmin>-1</quantmin>
      <quantmax>-1</quantmax>
      <cost>100</cost>
      <flags count_in_cargo="0" count_in_hoarder="0" count_in_map="1" count_in_player="0" crafted="0" deloot="0" />
      <category name="weapons" />
      <usage name="Military"/>
      <value name="Tier4" />
   </type>
   <type name="Collectable_PokemonCard_Pikachu">
      <nominal>2</nominal>
      <lifetime>28800</lifetime>
      <restock>900</restock>
      <min>2</min>
      <quantmin>-1</quantmin>
      <quantmax>-1</quantmax>
      <cost>100</cost>
      <flags count_in_cargo="0" count_in_hoarder="0" count_in_map="1" count_in_player="0" crafted="0" deloot="0" />
      <category name="weapons" />
      <usage name="Military"/>
      <value name="Tier4" />
   </type>
   <type name="Collectable_PokemonCard_Eevee">
       <nominal>2</nominal>
      <lifetime>28800</lifetime>
      <restock>900</restock>
      <min>2</min>
      <quantmin>-1</quantmin>
      <quantmax>-1</quantmax>
      <cost>100</cost>
      <flags count_in_cargo="0" count_in_hoarder="0" count_in_map="1" count_in_player="0" crafted="0" deloot="0" />
      <category name="weapons" />
      <usage name="Military"/>
      <value name="Tier4" />
   </type>
   <type name="Collectable_PokemonCard_GrassEnergy">
      <nominal>2</nominal>
      <lifetime>28800</lifetime>
      <restock>900</restock>
      <min>2</min>
      <quantmin>-1</quantmin>
      <quantmax>-1</quantmax>
      <cost>100</cost>
      <flags count_in_cargo="0" count_in_hoarder="0" count_in_map="1" count_in_player="0" crafted="0" deloot="0" />
      <category name="weapons" />
      <usage name="Military"/>
      <value name="Tier4" />
   </type>
   <type name="Collectable_PokemonCard_Machamp">
      <nominal>2</nominal>
      <lifetime>28800</lifetime>
      <restock>900</restock>
      <min>2</min>
      <quantmin>-1</quantmin>
      <quantmax>-1</quantmax>
      <cost>100</cost>
      <flags count_in_cargo="0" count_in_hoarder="0" count_in_map="1" count_in_player="0" crafted="0" deloot="0" />
      <category name="weapons" />
      <usage name="Military"/>
      <value name="Tier4" />
   </type>
   <type name="Collectable_PokemonCard_Mew">
       <nominal>2</nominal>
      <lifetime>28800</lifetime>
      <restock>900</restock>
      <min>2</min>
      <quantmin>-1</quantmin>
      <quantmax>-1</quantmax>
      <cost>100</cost>
      <flags count_in_cargo="0" count_in_hoarder="0" count_in_map="1" count_in_player="0" crafted="0" deloot="0" />
      <category name="weapons" />
      <usage name="Military"/>
      <value name="Tier4" />
   </type>
   <type name="Collectable_PokemonCard_PsychicEnergy">
      <nominal>2</nominal>
      <lifetime>28800</lifetime>
      <restock>900</restock>
      <min>2</min>
      <quantmin>-1</quantmin>
      <quantmax>-1</quantmax>
      <cost>100</cost>
      <flags count_in_cargo="0" count_in_hoarder="0" count_in_map="1" count_in_player="0" crafted="0" deloot="0" />
      <category name="weapons" />
      <usage name="Military"/>
      <value name="Tier4" />
   </type>
   <type name="Collectable_PokemonCard_Charizard">
      <nominal>2</nominal>
      <lifetime>28800</lifetime>
      <restock>900</restock>
      <min>2</min>
      <quantmin>-1</quantmin>
      <quantmax>-1</quantmax>
      <cost>100</cost>
      <flags count_in_cargo="0" count_in_hoarder="0" count_in_map="1" count_in_player="0" crafted="0" deloot="0" />
      <category name="weapons" />
      <usage name="Military"/>
      <value name="Tier4" />
   </type>
   <type name="Collectable_PokemonCard_Jolteon">
      <nominal>2</nominal>
      <lifetime>28800</lifetime>
      <restock>900</restock>
      <min>2</min>
      <quantmin>-1</quantmin>
      <quantmax>-1</quantmax>
      <cost>100</cost>
      <flags count_in_cargo="0" count_in_hoarder="0" count_in_map="1" count_in_player="0" crafted="0" deloot="0" />
      <category name="weapons" />
      <usage name="Military"/>
      <value name="Tier4" />
   </type>
   <type name="Collectable_PokemonCard_ShinyMewtwo">
       <nominal>2</nominal>
      <lifetime>28800</lifetime>
      <restock>900</restock>
      <min>2</min>
      <quantmin>-1</quantmin>
      <quantmax>-1</quantmax>
      <cost>100</cost>
      <flags count_in_cargo="0" count_in_hoarder="0" count_in_map="1" count_in_player="0" crafted="0" deloot="0" />
      <category name="weapons" />
      <usage name="Military"/>
      <value name="Tier4" />
   </type>
   <type name="Collectable_PokemonCard_Volcanion">
      <nominal>2</nominal>
      <lifetime>28800</lifetime>
      <restock>900</restock>
      <min>2</min>
      <quantmin>-1</quantmin>
      <quantmax>-1</quantmax>
      <cost>100</cost>
      <flags count_in_cargo="0" count_in_hoarder="0" count_in_map="1" count_in_player="0" crafted="0" deloot="0" />
      <category name="weapons" />
      <usage name="Military"/>
      <value name="Tier4" />
   </type>
   <type name="Collectable_GameBoy_DonkeyKong">
      <nominal>2</nominal>
      <lifetime>28800</lifetime>
      <restock>900</restock>
      <min>2</min>
      <quantmin>-1</quantmin>
      <quantmax>-1</quantmax>
      <cost>100</cost>
      <flags count_in_cargo="0" count_in_hoarder="0" count_in_map="1" count_in_player="0" crafted="0" deloot="0" />
      <category name="weapons" />
      <usage name="Military"/>
      <value name="Tier4" />
   </type>
   <type name="Collectable_GameBoy_Medarot">
      <nominal>2</nominal>
      <lifetime>28800</lifetime>
      <restock>900</restock>
      <min>2</min>
      <quantmin>-1</quantmin>
      <quantmax>-1</quantmax>
      <cost>100</cost>
      <flags count_in_cargo="0" count_in_hoarder="0" count_in_map="1" count_in_player="0" crafted="0" deloot="0" />
      <category name="weapons" />
      <usage name="Military"/>
      <value name="Tier4" />
   </type>
   <type name="Collectable_GameBoy_Mario">
      <nominal>2</nominal>
      <lifetime>28800</lifetime>
      <restock>900</restock>
      <min>2</min>
      <quantmin>-1</quantmin>
      <quantmax>-1</quantmax>
      <cost>100</cost>
      <flags count_in_cargo="0" count_in_hoarder="0" count_in_map="1" count_in_player="0" crafted="0" deloot="0" />
      <category name="weapons" />
      <usage name="Military"/>
      <value name="Tier4" />
   </type>
   <type name="Collectable_GameBoy_PokemonOne">
      <nominal>2</nominal>
      <lifetime>28800</lifetime>
      <restock>900</restock>
      <min>2</min>
      <quantmin>-1</quantmin>
      <quantmax>-1</quantmax>
      <cost>100</cost>
      <flags count_in_cargo="0" count_in_hoarder="0" count_in_map="1" count_in_player="0" crafted="0" deloot="0" />
      <category name="weapons" />
      <usage name="Military"/>
      <value name="Tier4" />
   </type>
   <type name="Collectable_GameBoy_PokemonTwo">
      <nominal>2</nominal>
      <lifetime>28800</lifetime>
      <restock>900</restock>
      <min>2</min>
      <quantmin>-1</quantmin>
      <quantmax>-1</quantmax>
      <cost>100</cost>
      <flags count_in_cargo="0" count_in_hoarder="0" count_in_map="1" count_in_player="0" crafted="0" deloot="0" />
      <category name="weapons" />
      <usage name="Military"/>
      <value name="Tier4" />
   </type>
   <type name="Collectable_GameBoy_Snakes">
       <nominal>2</nominal>
      <lifetime>28800</lifetime>
      <restock>900</restock>
      <min>2</min>
      <quantmin>-1</quantmin>
      <quantmax>-1</quantmax>
      <cost>100</cost>
      <flags count_in_cargo="0" count_in_hoarder="0" count_in_map="1" count_in_player="0" crafted="0" deloot="0" />
      <category name="weapons" />
      <usage name="Military"/>
      <value name="Tier4" />
   </type>
   <type name="Collectable_GameBoy_Tetris">
       <nominal>2</nominal>
      <lifetime>28800</lifetime>
      <restock>900</restock>
      <min>2</min>
      <quantmin>-1</quantmin>
      <quantmax>-1</quantmax>
      <cost>100</cost>
      <flags count_in_cargo="0" count_in_hoarder="0" count_in_map="1" count_in_player="0" crafted="0" deloot="0" />
      <category name="weapons" />
      <usage name="Military"/>
      <value name="Tier4" />
   </type>
   <type name="Collectable_GameBoy_Yoshi">
      <nominal>2</nominal>
      <lifetime>28800</lifetime>
      <restock>900</restock>
      <min>2</min>
      <quantmin>-1</quantmin>
      <quantmax>-1</quantmax>
      <cost>100</cost>
      <flags count_in_cargo="0" count_in_hoarder="0" count_in_map="1" count_in_player="0" crafted="0" deloot="0" />
      <category name="weapons" />
      <usage name="Military"/>
      <value name="Tier4" />
   </type>
   <type name="Collectable_GameBoy_Zelda">
      <nominal>2</nominal>
      <lifetime>28800</lifetime>
      <restock>900</restock>
      <min>2</min>
      <quantmin>-1</quantmin>
      <quantmax>-1</quantmax>
      <cost>100</cost>
      <flags count_in_cargo="0" count_in_hoarder="0" count_in_map="1" count_in_player="0" crafted="0" deloot="0" />
      <category name="weapons" />
      <usage name="Military"/>
      <value name="Tier4" />
   </type>
   <type name="Collectable_FloppyDisks_1999">
      <nominal>2</nominal>
      <lifetime>28800</lifetime>
      <restock>900</restock>
      <min>2</min>
      <quantmin>-1</quantmin>
      <quantmax>-1</quantmax>
      <cost>100</cost>
      <flags count_in_cargo="0" count_in_hoarder="0" count_in_map="1" count_in_player="0" crafted="0" deloot="0" />
      <category name="weapons" />
      <usage name="Military"/>
      <value name="Tier4" />
   </type>
   <type name="Collectable_FloppyDisks_April">
      <nominal>2</nominal>
      <lifetime>28800</lifetime>
      <restock>900</restock>
      <min>2</min>
      <quantmin>-1</quantmin>
      <quantmax>-1</quantmax>
      <cost>100</cost>
      <flags count_in_cargo="0" count_in_hoarder="0" count_in_map="1" count_in_player="0" crafted="0" deloot="0" />
      <category name="weapons" />
      <usage name="Military"/>
      <value name="Tier4" />
   </type>
   <type name="Collectable_FloppyDisks_MTV">
      <nominal>2</nominal>
      <lifetime>28800</lifetime>
      <restock>900</restock>
      <min>2</min>
      <quantmin>-1</quantmin>
      <quantmax>-1</quantmax>
      <cost>100</cost>
      <flags count_in_cargo="0" count_in_hoarder="0" count_in_map="1" count_in_player="0" crafted="0" deloot="0" />
      <category name="weapons" />
      <usage name="Military"/>
      <value name="Tier4" />
   </type>
   <type name="Collectable_SmartPhone_Black">
      <nominal>2</nominal>
      <lifetime>28800</lifetime>
      <restock>900</restock>
      <min>2</min>
      <quantmin>-1</quantmin>
      <quantmax>-1</quantmax>
      <cost>100</cost>
      <flags count_in_cargo="0" count_in_hoarder="0" count_in_map="1" count_in_player="0" crafted="0" deloot="0" />
      <category name="weapons" />
      <usage name="Military"/>
      <value name="Tier4" />
   </type>
   <type name="Collectable_SmartPhone_Blue">
      <nominal>2</nominal>
      <lifetime>28800</lifetime>
      <restock>900</restock>
      <min>2</min>
      <quantmin>-1</quantmin>
      <quantmax>-1</quantmax>
      <cost>100</cost>
      <flags count_in_cargo="0" count_in_hoarder="0" count_in_map="1" count_in_player="0" crafted="0" deloot="0" />
      <category name="weapons" />
      <usage name="Military"/>
      <value name="Tier4" />
   </type>
   <type name="Collectable_SmartPhone_Yellow">
      <nominal>2</nominal>
      <lifetime>28800</lifetime>
      <restock>900</restock>
      <min>2</min>
      <quantmin>-1</quantmin>
      <quantmax>-1</quantmax>
      <cost>100</cost>
      <flags count_in_cargo="0" count_in_hoarder="0" count_in_map="1" count_in_player="0" crafted="0" deloot="0" />
      <category name="weapons" />
      <usage name="Military"/>
      <value name="Tier4" />
   </type>
   <type name="Collectable_SmartPhone_Red">
      <nominal>2</nominal>
      <lifetime>28800</lifetime>
      <restock>900</restock>
      <min>2</min>
      <quantmin>-1</quantmin>
      <quantmax>-1</quantmax>
      <cost>100</cost>
      <flags count_in_cargo="0" count_in_hoarder="0" count_in_map="1" count_in_player="0" crafted="0" deloot="0" />
      <category name="weapons" />
      <usage name="Military"/>
      <value name="Tier4" />
   </type>
   <type name="Collectable_SmartPhone_Green">
      <nominal>2</nominal>
      <lifetime>28800</lifetime>
      <restock>900</restock>
      <min>2</min>
      <quantmin>-1</quantmin>
      <quantmax>-1</quantmax>
      <cost>100</cost>
      <flags count_in_cargo="0" count_in_hoarder="0" count_in_map="1" count_in_player="0" crafted="0" deloot="0" />
      <category name="weapons" />
      <usage name="Military"/>
      <value name="Tier4" />
   </type>
</types>