{
    "m_Version": 15,
    "Enabled": 1,
    "DespawnTime": 600.0,
    "RespawnTime": -1.0,
    "MinDistRadius": 400.0,
    "MaxDistRadius": 1000.0,
    "DespawnRadius": 1100.0,
    "AccuracyMin": -1.0,
    "AccuracyMax": -1.0,
    "ThreatDistanceLimit": -1.0,
    "DamageMultiplier": -1.0,
    "ObjectPatrols": [
        {
            "Name": "",
            "Faction": "Raiders",
            "Formation": "RANDOM",
            "FormationLooseness": 0.0,
            "LoadoutFile": "BanditLoadout",
            "NumberOfAI": -3,
            "Behaviour": "ALTERNATE",
            "Speed": "WALK",
            "UnderThreatSpeed": "SPRINT",
            "CanBeLooted": 1,
            "UnlimitedReload": 0,
            "SniperProneDistanceThreshold": 0.0,
            "AccuracyMin": -1.0,
            "AccuracyMax": -1.0,
            "ThreatDistanceLimit": -1.0,
            "DamageMultiplier": -1.0,
            "MinDistRadius": -2.0,
            "MaxDistRadius": -2.0,
            "DespawnRadius": -2.200000047683716,
            "MinSpreadRadius": 5.0,
            "MaxSpreadRadius": 20.0,
            "Chance": 1.0,
            "WaypointInterpolation": "",
            "DespawnTime": -1.0,
            "RespawnTime": -2.0,
            "ClassName": "Wreck_UH1Y"
        },
        {
            "Name": "",
            "Faction": "Raiders",
            "Formation": "RANDOM",
            "FormationLooseness": 0.0,
            "LoadoutFile": "BanditLoadout",
            "NumberOfAI": -3,
            "Behaviour": "ALTERNATE",
            "Speed": "WALK",
            "UnderThreatSpeed": "SPRINT",
            "CanBeLooted": 1,
            "UnlimitedReload": 0,
            "SniperProneDistanceThreshold": 0.0,
            "AccuracyMin": -1.0,
            "AccuracyMax": -1.0,
            "ThreatDistanceLimit": -1.0,
            "DamageMultiplier": -1.0,
            "MinDistRadius": -2.0,
            "MaxDistRadius": -2.0,
            "DespawnRadius": -2.200000047683716,
            "MinSpreadRadius": 5.0,
            "MaxSpreadRadius": 20.0,
            "Chance": 1.0,
            "WaypointInterpolation": "",
            "DespawnTime": -1.0,
            "RespawnTime": -2.0,
            "ClassName": "Wreck_Mi8_Crashed"
        },
        {
            "Name": "",
            "Faction": "Raiders",
            "Formation": "RANDOM",
            "FormationLooseness": 0.0,
            "LoadoutFile": "BanditLoadout",
            "NumberOfAI": -3,
            "Behaviour": "HALT",
            "Speed": "WALK",
            "UnderThreatSpeed": "SPRINT",
            "CanBeLooted": 1,
            "UnlimitedReload": 0,
            "SniperProneDistanceThreshold": 0.0,
            "AccuracyMin": -1.0,
            "AccuracyMax": -1.0,
            "ThreatDistanceLimit": -1.0,
            "DamageMultiplier": -1.0,
            "MinDistRadius": -2.0,
            "MaxDistRadius": -2.0,
            "DespawnRadius": -2.200000047683716,
            "MinSpreadRadius": 5.0,
            "MaxSpreadRadius": 10.0,
            "Chance": 1.0,
            "WaypointInterpolation": "",
            "DespawnTime": -1.0,
            "RespawnTime": -2.0,
            "ClassName": "Land_Wreck_sed01_aban1_police"
        },
        {
            "Name": "",
            "Faction": "Raiders",
            "Formation": "RANDOM",
            "FormationLooseness": 0.0,
            "LoadoutFile": "BanditLoadout",
            "NumberOfAI": -3,
            "Behaviour": "HALT",
            "Speed": "WALK",
            "UnderThreatSpeed": "SPRINT",
            "CanBeLooted": 1,
            "UnlimitedReload": 0,
            "SniperProneDistanceThreshold": 0.0,
            "AccuracyMin": -1.0,
            "AccuracyMax": -1.0,
            "ThreatDistanceLimit": -1.0,
            "DamageMultiplier": -1.0,
            "MinDistRadius": -2.0,
            "MaxDistRadius": -2.0,
            "DespawnRadius": -2.200000047683716,
            "MinSpreadRadius": 5.0,
            "MaxSpreadRadius": 10.0,
            "Chance": 1.0,
            "WaypointInterpolation": "",
            "DespawnTime": -1.0,
            "RespawnTime": -2.0,
            "ClassName": "Land_Wreck_sed01_aban2_police"
        },
        {
            "Name": "",
            "Faction": "Raiders",
            "Formation": "RANDOM",
            "FormationLooseness": 0.0,
            "LoadoutFile": "BanditLoadout",
            "NumberOfAI": -3,
            "Behaviour": "HALT",
            "Speed": "WALK",
            "UnderThreatSpeed": "SPRINT",
            "CanBeLooted": 1,
            "UnlimitedReload": 0,
            "SniperProneDistanceThreshold": 0.0,
            "AccuracyMin": -1.0,
            "AccuracyMax": -1.0,
            "ThreatDistanceLimit": -1.0,
            "DamageMultiplier": -1.0,
            "MinDistRadius": -2.0,
            "MaxDistRadius": -2.0,
            "DespawnRadius": -2.200000047683716,
            "MinSpreadRadius": 5.0,
            "MaxSpreadRadius": 10.0,
            "Chance": 1.0,
            "WaypointInterpolation": "",
            "DespawnTime": -1.0,
            "RespawnTime": -2.0,
            "ClassName": "Land_Wreck_hb01_aban1_police"
        },
        {
            "Name": "",
            "Faction": "Raiders",
            "Formation": "RANDOM",
            "FormationLooseness": 0.0,
            "LoadoutFile": "BanditLoadout",
            "NumberOfAI": -3,
            "Behaviour": "HALT",
            "Speed": "WALK",
            "UnderThreatSpeed": "SPRINT",
            "CanBeLooted": 1,
            "UnlimitedReload": 0,
            "SniperProneDistanceThreshold": 0.0,
            "AccuracyMin": -1.0,
            "AccuracyMax": -1.0,
            "ThreatDistanceLimit": -1.0,
            "DamageMultiplier": -1.0,
            "MinDistRadius": -2.0,
            "MaxDistRadius": -2.0,
            "DespawnRadius": -2.200000047683716,
            "MinSpreadRadius": 5.0,
            "MaxSpreadRadius": 10.0,
            "Chance": 1.0,
            "WaypointInterpolation": "",
            "DespawnTime": -1.0,
            "RespawnTime": -2.0,
            "ClassName": "Land_Wreck_hb01_aban2_police"
        }
    ],
    "Patrols": [
        {
            "Name": "RedForest",
            "Faction": "Raiders",
            "Formation": "RANDOM",
            "FormationLooseness": 0.0,
            "LoadoutFile": "BanditLoadout",
            "NumberOfAI": -10,
            "Behaviour": "ALTERNATE",
            "Speed": "WALK",
            "UnderThreatSpeed": "SPRINT",
            "CanBeLooted": 1,
            "UnlimitedReload": 0,
            "SniperProneDistanceThreshold": 0.0,
            "AccuracyMin": -1.0,
            "AccuracyMax": -1.0,
            "ThreatDistanceLimit": -1.0,
            "DamageMultiplier": -1.0,
            "MinDistRadius": -2.0,
            "MaxDistRadius": -2.0,
            "DespawnRadius": -2.200000047683716,
            "MinSpreadRadius": 1.0,
            "MaxSpreadRadius": 100.0,
            "Chance": 1.0,
            "WaypointInterpolation": "",
            "DespawnTime": -1.0,
            "RespawnTime": -2.0,
            "UseRandomWaypointAsStartPoint": 1,
            "Waypoints": [
                [
                    7647.16,
                    200.412,
                    12099.3
                ],
                [
                    7402.53,
                    199.889,
                    12334.1
                ],
                [
                    7536.76,
                    200.162,
                    12313.9
                ]
            ]
        },
        {
            "Name": "Reactor",
            "Faction": "Raiders",
            "Formation": "RANDOM",
            "FormationLooseness": 0.0,
            "LoadoutFile": "BanditLoadout",
            "NumberOfAI": -8,
            "Behaviour": "ALTERNATE",
            "Speed": "WALK",
            "UnderThreatSpeed": "SPRINT",
            "CanBeLooted": 1,
            "UnlimitedReload": 0,
            "SniperProneDistanceThreshold": 0.0,
            "AccuracyMin": -1.0,
            "AccuracyMax": -1.0,
            "ThreatDistanceLimit": -1.0,
            "DamageMultiplier": -1.0,
            "MinDistRadius": -2.0,
            "MaxDistRadius": -2.0,
            "DespawnRadius": -2.200000047683716,
            "MinSpreadRadius": 1.0,
            "MaxSpreadRadius": 100.0,
            "Chance": 1.0,
            "WaypointInterpolation": "",
            "DespawnTime": -1.0,
            "RespawnTime": -2.0,
            "UseRandomWaypointAsStartPoint": 1,
            "Waypoints": [
                [
                    8895.87,
                    200.662,
                    13558.7
                ],
                [
                    8720.58,
                    200.772,
                    13634.4
                ],
                [
                    8855.38,
                    200.663,
                    13921.6
                ],
				[
                    9084.0,
                    201.65,
                    14001.3
                ]
            ]
        },
        {
            "Name": "Duga Airfield",
            "Faction": "Raiders",
            "Formation": "RANDOM",
            "FormationLooseness": 0.0,
            "LoadoutFile": "BanditLoadout",
            "NumberOfAI": -6,
            "Behaviour": "ALTERNATE",
            "Speed": "JOG",
            "UnderThreatSpeed": "SPRINT",
            "CanBeLooted": 1,
            "UnlimitedReload": 0,
            "SniperProneDistanceThreshold": 0.0,
            "AccuracyMin": -1.0,
            "AccuracyMax": -1.0,
            "ThreatDistanceLimit": -1.0,
            "DamageMultiplier": -1.0,
            "MinDistRadius": -2.0,
            "MaxDistRadius": -2.0,
            "DespawnRadius": -2.200000047683716,
            "MinSpreadRadius": 1.0,
            "MaxSpreadRadius": 100.0,
            "Chance": 1.0,
            "WaypointInterpolation": "",
            "DespawnTime": -1.0,
            "RespawnTime": -2.0,
            "UseRandomWaypointAsStartPoint": 1,
            "Waypoints": [
                [
                    17376.9,
                    217.752,
                    11659.3
                ],
                [
                    16921.3,
                    218.74,
                    11572.6
                ],
                [
                    15952.7,
                    217.752,
                    11548.1
                ]
            ]
        },
        {
            "Name": "ChernoRaider",
            "Faction": "Raiders",
            "Formation": "RANDOM",
            "FormationLooseness": 0.0,
            "LoadoutFile": "BanditLoadout",
            "NumberOfAI": -8,
            "Behaviour": "ALTERNATE",
            "Speed": "SPRINT",
            "UnderThreatSpeed": "SPRINT",
            "CanBeLooted": 1,
            "UnlimitedReload": 0,
            "SniperProneDistanceThreshold": 0.0,
            "AccuracyMin": -1.0,
            "AccuracyMax": -1.0,
            "ThreatDistanceLimit": -1.0,
            "DamageMultiplier": -1.0,
            "MinDistRadius": -2.0,
            "MaxDistRadius": -2.0,
            "DespawnRadius": -2.200000047683716,
            "MinSpreadRadius": 1.0,
            "MaxSpreadRadius": 100.0,
            "Chance": 1.0,
            "WaypointInterpolation": "",
            "DespawnTime": -1.0,
            "RespawnTime": -2.0,
            "UseRandomWaypointAsStartPoint": 1,
            "Waypoints": [
                [
                    14125.7,
                    202.137,
                    2632.82
                ],
                [
                    14621.3,
                    204.498,
                    1887.91
                ],
                [
                    16491.4,
                    196.282,
                    1900.89
                ],
				[
                    14515.6,
                    204.772,
                    1307.67
                ],
				[
                    13873.0,
                    204.182,
                    2021.3
                ]
            ]
        }
    ]
}